method,pert,mse_deg,wmse_deg,mse_nondeg,wmse_nondeg
AdaPert,SMG5,0.12387648400385183,0.3255782061103739,0.15605388323790906,2.5519212800941133
AdaPert,HNRNPH1,0.17426094304325448,1.0404823051771264,0.16249513864573611,5.133501625866311
AdaPert,RPL10A,0.07673227733525959,0.35138514562934525,0.08299134688506567,0.7710635319920975
AdaPert,EIF3E,0.15826348300041684,0.7231018249595298,0.15642962606507776,2.5228421993680885
AdaPert,MRPS14,0.1298215487292033,0.5765628755592627,0.13901883385711855,4.291275488911017
AdaPert,EIF3M,0.10459714299967708,1.3069591348403267,0.0933036280793925,1.3603121962856097
AdaPert,RPL13,0.03208235628902704,0.05908253069756171,0.03186131310419163,0.218075249593776
AdaPert,SNAPC3,0.05929502984622292,0.18262579552164926,0.045470662091261466,0.27517722065063155
AdaPert,NBAS,0.06962350303580574,0.2792991867278314,0.10364196858141889,3.7472792449278547
AdaPert,ELP5,0.020426219478919518,0.04054360144019104,0.05622336490782856,0.6827232786265294
AdaPert,RPS6,0.05444620800627849,0.22728204589828532,0.060756496208441216,1.8169312252190455
AdaPert,SEC13,0.5260944831153623,4.670687256247855,0.31269611182115026,7.872024063553445
AdaPert,SFSWAP,0.06676778010400383,0.3475809046630338,0.09326254931086413,2.946390767442603
AdaPert,SLU7,0.2499068854621544,1.207429019495641,0.2678861118327396,3.985082458388166
AdaPert,POLA1,0.03745941561480482,0.09795056406428918,0.03988437670240048,2.0550202651665064
AdaPert,GFER,0.04225430782375168,0.17623268185122676,0.04841621594368424,0.4073676326529356
AdaPert,C1QBP,0.1702759900086956,0.23966715953378875,0.15020987519188583,1.7183608497378917
AdaPert,SNRNP200,0.20933314268156117,1.7679869260631795,0.20241401102052806,1.7182962708514653
AdaPert,NUDC,0.05155939491496565,0.13988207096686095,0.1254240228359738,2.6498301249986977
AdaPert,PCF11,0.1236017013508944,1.3030678120458468,0.1328958190046708,3.141352636292105
AdaPert,PSMA3,0.12072898943806888,2.6780190903419747,0.1103444641006158,1.5770662767388677
AdaPert,RPS26,0.1123179202888459,0.4275450281625281,0.14106257042079692,4.069397211882916
AdaPert,GRPEL1,0.07791358874673499,0.4679707689431953,0.10550786342710922,1.703544098630491
AdaPert,PHF5A,0.11866037327437783,0.37489568694329123,0.13296621960689922,1.2225935595232023
AdaPert,ZNHIT6,0.08840278480808758,0.3715026636437541,0.07777918663555632,1.3836346521515894
AdaPert,SRBD1,0.062082229180433546,0.15381165835546165,0.08451220372387765,0.6400070674043425
AdaPert,MFAP1,0.1331103992951828,1.050411490656534,0.1306528905614651,1.9583908293776997
AdaPert,RPS19,0.0457750803462063,0.13551312542648886,0.043728967645190006,0.2285543354236886
AdaPert,ARGLU1,0.05325329892948713,0.3069648356238237,0.052267663966188836,3.1566668469928785
AdaPert,GTF2E2,0.05730518168163866,0.12911214355254952,0.1519811074048973,4.211553737921008
AdaPert,DYNLRB1,0.05346989581864597,0.12342302898904589,0.055884123574719106,2.4580260595146535
AdaPert,TSR2,0.08387697245832565,0.4336905464401952,0.08914729413345363,0.7591652079254598
AdaPert,COG2,0.028406250073495336,0.05683483796541954,0.04886798640799509,2.226116254049159
AdaPert,SFPQ,0.45087203548009824,3.4738824226343867,0.4757067863039041,7.6262460873511415
AdaPert,MRPL18,0.09436543378300347,0.6834205923756852,0.07934340885640925,0.9757697457626957
AdaPert,NAA15,0.08280137878808283,0.317446528899263,0.10233468678104542,3.7414666531337764
AdaPert,DONSON,0.023817938644488102,0.09566251483362999,0.024108673964610444,0.23259904868011938
AdaPert,RARS2,0.03781509191895405,0.1884644627788168,0.07107044710196585,2.861826792841195
AdaPert,RPF1,0.05254161208286714,0.242250669429991,0.08858390351929171,1.094816876872764
AdaPert,ZBTB17,0.12398002633714328,0.49784779297850734,0.10943137702370372,3.6901598698721543
AdaPert,DPH2,0.05018255741878568,0.12346492557032097,0.07175822189316884,1.509857279640351
AdaPert,TAF10,0.3026425434329544,2.0316844550464705,0.4148413958490969,8.274290000244529
AdaPert,XPO1,0.22530036424369138,1.3709769592471055,0.26230553014819213,2.894901810829508
AdaPert,NUP54,0.09455197354525482,0.7366632187909005,0.0764553365433909,1.5176698714343513
AdaPert,SSRP1,0.06346020636622347,0.14720480798574492,0.07382044746195973,0.31022553621445004
AdaPert,SON,0.2637065948495986,2.2139032155501646,0.2297936377132877,2.689103060993565
AdaPert,BGLAP,0.04490516991939659,0.15850221975090298,0.04773739396126065,0.5415865299084365
AdaPert,PSMD7,0.1328186591065551,0.6338959339015062,0.1376055319161713,2.9032220940923397
AdaPert,SUGT1,0.8009155977753027,4.147050414391379,0.13047305215381186,5.52213816824619
AdaPert,CENPE,0.044630659413165234,0.1563280266671056,0.06445552771928774,2.519577576049688
AdaPert,MZT1,0.03268567033174038,0.07387122881422092,0.03138858108004456,1.077294153839288
AdaPert,NFRKB,0.05319173381463728,0.2142209050251315,0.06305277024059971,1.028238661720891
AdaPert,RPS14,0.0853905431654785,0.15011363282766324,0.0838391770142116,0.38300819405569975
AdaPert,SNRPG,0.061155226962126205,0.16491521332180695,0.07853733077310553,0.6673273112306006
AdaPert,MRPL38,0.08731161573824996,0.49300946785647526,0.06817153652423757,1.2452825934518026
AdaPert,MAGOH,0.09208893560301704,0.3259804234404542,0.11023932887064065,2.969157677895038
AdaPert,DNTTIP2,0.0678790071461287,0.24781687308983147,0.07049741420683556,1.1660028350338736
AdaPert,U2AF1,0.20620305216270518,1.1809698881299462,0.24501595265749024,3.198618509327846
AdaPert,NOL6,0.1143078873864252,0.8981975325189893,0.10809672642426645,1.930520734747885
AdaPert,SF3A2,0.08416984684719718,0.2744786355487091,0.09163696970943587,0.5512560032616955
AdaPert,TXN,0.1495383922741022,1.012631689651193,0.13864304333262056,2.109294921036809
AdaPert,ORC5,0.18942440561108692,0.5565966001998743,0.1617597556500047,5.29954890317317
AdaPert,DDX49,0.19203140528819682,0.59248093737913,0.31794137744929696,8.696384946991808
AdaPert,ANKRD11,0.15698981166092665,0.5194968322184512,0.16892070442942364,4.757577041253999
AdaPert,CCDC86,0.05052447498112213,0.31083121368272687,0.057585288578489706,3.020144215319185
AdaPert,RPS21,0.2804661729456018,0.9115571097178652,0.22016219597657463,5.696765707098006
AdaPert,POLE,0.0691556753678796,0.299412333626781,0.06846598928941473,0.3850880387128628
AdaPert,TRMT10C,0.1481551494198489,0.6896890648067754,0.19219945003828648,6.3667358877615055
AdaPert,VPS29,0.09927211901228532,0.3775516303002135,0.10133120429889389,3.416840404162401
AdaPert,CWC15,0.14046741900851864,0.6656401560402807,0.17379222727655358,3.0262545914369685
AdaPert,CHMP6,0.041607264611038544,0.17308815499768676,0.0489545713297111,2.237484815471401
AdaPert,RBX1,0.5312972187014887,3.0813732520274715,0.32879488465266765,8.353076638218981
AdaPert,BRIX1,0.14302586050084398,0.4738936781395201,0.16232584306563722,6.096508515671188
AdaPert,PTCD1,0.04061357546964752,0.23097771036604017,0.03859516570474916,0.3360501528154361
AdaPert,HIRA,0.43069810042719797,0.4817961888833477,0.15810377967747513,1.2244933263379059
AdaPert,POP4,0.07008171476791052,0.30169673105723127,0.08313746818030024,1.62294752326325
AdaPert,DYNC1H1,0.039018429204409746,0.08173282408472037,0.05198081177983643,2.3081331979366846
AdaPert,POLR3B,0.09334598118322504,0.298160378589096,0.11137812127263377,1.8350688348708315
AdaPert,DNAJC8,0.038130425726523386,0.12446550033156167,0.04704859149271619,0.6582551829451254
AdaPert,QARS,0.11785733020198136,0.6336433195610148,0.13448183043585762,2.456142322179923
AdaPert,WBP11,0.08919501691689788,0.5818686093217957,0.08849103503063337,1.1189096127050333
AdaPert,MCM10,0.050977226481562284,0.1641500321847929,0.05269807607182043,2.3631370612935734
AdaPert,PSMD1,0.13870390175129288,0.45862936235153295,0.1251913075588043,1.2398566771053263
AdaPert,MED20,0.22274278028853495,3.5459956861111515,0.1488934876528748,4.23829574746118
AdaPert,DERL2,0.07304889737012381,0.18000232237246547,0.09644958399515081,2.920735699178754
AdaPert,VPS54,0.029639706325560667,0.055989326174763675,0.038124113825483884,2.3591047418284536
AdaPert,WDR12,0.041798448647054925,0.22772190411751325,0.05780184925289952,1.6324046741368727
AdaPert,OXA1L,0.057694458383624136,0.3575857476611508,0.059646213734109374,0.8403887154895002
AdaPert,SART3,0.1424616893340821,0.9543297604692562,0.1147166598839227,2.1639892505487714
AdaPert,TEX10,0.08218419519131916,1.0188833368655517,0.05972626972892395,0.8450514644494937
AdaPert,GTF2E1,0.06457837106907854,0.0966804977788836,0.06440608273883987,0.7721249226060152
AdaPert,DDX54,0.22444090382282203,0.876920533306697,0.12982291153317907,3.098233999308743
AdaPert,E4F1,0.19555699404806492,1.3830025477249155,0.16593716942562953,4.239189127768374
AdaPert,RIOK1,0.03504509533996238,0.2333593660976533,0.034890373892644724,0.31178604786957803
AdaPert,EBNA1BP2,0.09124200629808998,0.5755709415940854,0.13828551280816048,4.52103076729243
AdaPert,EIF5A,0.1742733117366936,1.2739064125187753,0.1950702553390614,4.526876875560208
AdaPert,SF3B2,0.26395843018910947,1.2047307846165891,0.26982791222981645,4.067382671296324
AdaPert,ACTR8,0.07288876894973531,0.5106764235544005,0.06970056241597249,1.1563068182143548
AdaPert,EXOSC2,0.06749865017717338,0.20514470554243164,0.07571532755539344,0.24421377680813283
AdaPert,ALG13,0.052568100334600645,0.16413278966315387,0.08755020670372536,3.18397532820785
AdaPert,CPSF3,0.0509645093849426,0.2568522041690201,0.0583835265328043,0.3744576885021467
AdaPert,RBM42,0.18317105982822932,0.8397043794095224,0.2098754597990213,5.69959886155108
AdaPert,CDC40,0.09954115074547022,0.3111225445373273,0.14994764372692476,3.8928315325116003
AdaPert,PPP1R11,0.15307030810302755,0.6728902380231756,0.20610553268256943,6.3027107491166925
AdaPert,SF3B3,0.16362705614425432,0.7554202947027383,0.1727044652238748,1.218970381211299
AdaPert,MRPL54,0.033872168986622105,0.035509184270965506,0.09121924398074084,2.8842675417906465
AdaPert,WDHD1,0.03792541459191659,0.07829348219278273,0.05910371769693025,0.8504071018503545
AdaPert,FCF1,0.07979794144953241,2.9266576126894934,0.04046663452851747,1.013339545609803
AdaPert,LSM4,0.11120508703517265,0.4322365064040619,0.16471686367375538,4.235741091263112
AdaPert,IGBP1,0.07680677344997713,0.3564067262671372,0.09534977260340448,3.88311777937555
AdaPert,SNRNP27,0.1615998317841587,0.4400086171704335,0.32551159437891874,7.006331725179704
AdaPert,GFM1,0.04293708832049821,0.20102137176479692,0.04007026843632494,0.7495482059343388
AdaPert,POLR2E,0.12817849388459518,0.4334073267537828,0.13661856751407694,3.7286303182106657
AdaPert,SNRPD1,0.1640739206067336,2.2411974615404047,0.1758479219541871,4.193765579775578
AdaPert,RFC3,0.03301944310030082,0.10559036425215793,0.03479436062153818,0.10512576977644383
AdaPert,MRPS26,0.05029183783013032,0.14882271845832817,0.07351534288793986,1.2529674597512037
AdaPert,RCC1,0.15075674963334182,0.3190702177686486,0.12381373768971717,1.315703468105752
AdaPert,NEDD1,0.053355498585939735,0.10963153850614173,0.06823175733983353,2.6457308609093118
AdaPert,DDX5,0.12258407890640818,0.41459575211661004,0.10275113060601167,1.7171033239265683
AdaPert,EIF2S1,0.09726544786741734,0.3444546883382835,0.09265131661603662,1.0024135648817207
AdaPert,CUL1,0.03113119463219392,0.07507759960124076,0.07703124906039199,3.559352520251717
AdaPert,KRI1,0.20231682400705817,0.8066030132244503,0.19518210768526947,6.0994669456126855
AdaPert,ZNF335,0.042171428911826535,0.09281088688448372,0.0890503599276035,4.363668425287228
AdaPert,GPKOW,0.14744014816947262,0.7401346399174014,0.1789256086328753,3.4880049020907595
AdaPert,POLR2F,0.0383663810559127,0.15355262530111416,0.0511940770313745,0.22056909556961848
AdaPert,USP36,0.26527716031119714,0.6328918840515435,0.09515848135744343,0.9410614616311694
AdaPert,NARS,0.11542697336043868,0.8639076460875281,0.11629676795790256,1.2006646034380613
AdaPert,MRPL3,0.04053734330029586,0.199754497714878,0.06935237921059614,4.006006302559532
AdaPert,RPL8,0.05074165054215642,0.12748334788576265,0.05109595096457869,0.3540361400367394
AdaPert,FASTKD5,0.025786858896679574,0.07664893087433769,0.04806344781984978,0.8700157244767306
AdaPert,RNGTT,0.068279097046571,0.18755277693628722,0.1060127458180464,3.445824470275089
AdaPert,POLR3D,0.08086970514718586,0.20465972529022552,0.10531799589377183,2.214873314689935
AdaPert,MED31,0.2610498408724188,0.3225352741923284,0.4778325490418419,9.733987755284236
AdaPert,CSTF1,0.10534182623240917,0.4241314811150758,0.12654273676922678,1.7261758425870624
AdaPert,TSR1,0.09059883341591153,0.5672053942648159,0.1017342670044729,1.93173150367996
AdaPert,MRPL4,0.030237959521906613,0.0638137340768356,0.07986976090993612,1.5955433145204854
AdaPert,MCM3AP,0.12601101103256732,0.4405473064826474,0.12210260824192627,3.4102768213348744
AdaPert,TRMT5,0.20831571823270462,1.2108571932693895,0.15056897874632802,2.5514332605752763
AdaPert,MRPS27,0.11740234144200257,0.23294907454236877,0.14298620707753568,3.5603989565174863
AdaPert,RBM39,0.23492202020368222,1.2379740622306659,0.2936039846306403,6.885407104173917
AdaPert,HSPA8,0.21403728216716586,1.5703680296107472,0.19969696272073006,5.866418373690911
AdaPert,SURF6,0.08517065494997711,0.1838976046023111,0.0916461214049598,2.84421121463855
AdaPert,NUBP1,0.05022929132344796,0.10835014558326919,0.07078420258340337,0.8087289663234976
AdaPert,HEATR1,0.08289631055074627,0.47285405192717456,0.07480644345365205,0.9274293918912011
AdaPert,PRPF4B,0.16207772796638512,0.5622748651141928,0.15976944217046882,3.0428788903955972
AdaPert,POLR1E,0.06482641204300615,0.20560839310000562,0.056633964707649045,0.5664586747034049
AdaPert,MRPS24,0.08360879182587182,0.24261875872274752,0.07638327497856512,2.8441633937688273
AdaPert,EIF2B3,0.09354369876036203,0.16598288848649223,0.11949367714035045,2.292929209571115
AdaPert,SRFBP1,0.1252019703886346,0.6596874961440353,0.14089817483211725,4.093101516123253
AdaPert,PUF60,0.33093640101957705,1.5633980453396372,0.25404399493082624,6.578709875471735
AdaPert,RPS23,0.11470204346327499,0.45242391785997776,0.10873645017640493,1.6827369022049772
AdaPert,SCFD1,0.08962054702290871,0.353378231675098,0.09060377005209573,0.9322178280029277
AdaPert,MDN1,0.09415014560120606,0.22923985588926604,0.14576163556756722,4.356581675085803
AdaPert,CHERP,0.13612272876599585,0.36934692730045565,0.22109801787221917,5.45671079505942
AdaPert,SRRM1,0.11685038296750588,0.7983334733374349,0.1137166484863478,3.2407098165891925
AdaPert,POLR3F,0.04971022008802236,0.1523623420204477,0.07176096881813922,1.3020666022911271
AdaPert,MRPL50,0.04961409554415905,0.17462284163098488,0.06192709071837817,2.57480948948847
AdaPert,RPP14,0.18033158672678487,1.1181796374040818,0.19698904879851928,6.047003162729348
AdaPert,RPL9,0.04965674830587972,0.7340004357787423,0.05185124828825473,0.316564249198937
AdaPert,PRPF8,0.11201855182725154,0.6974141649027621,0.13223990708790068,2.8341782788705983
AdaPert,HSPE1,0.4647996162017338,2.9839465246133243,0.663986003222914,10.764306929781991
AdaPert,ECD,0.12021162099610384,0.329705551201304,0.16817985299936233,5.788056352724689
AdaPert,RPL10,0.05089281349715775,0.18325836899224762,0.0527057465005852,0.565008916581914
AdaPert,AP2S1,0.07429280292439082,0.2623241841953198,0.12009758496703603,3.0428130352727862
AdaPert,TSEN2,0.07652946411799107,0.2224080311100588,0.08378225709400179,2.2877042350331793
AdaPert,PIAS4,0.12410917828598675,0.8734356810318937,0.09998542091689654,1.1197097850578084
AdaPert,MRPS11,0.13472266693607685,0.6727163725890999,0.11287981838311827,3.1481898033920355
AdaPert,BYSL,0.06741105864455493,0.24381724542524613,0.1002411688228089,1.827733449799722
AdaPert,ZCRB1,0.05587245573525341,0.21843709873899428,0.09779363590759081,3.4822857218328584
AdaPert,GNL3L,0.13051054555617106,0.6830599626233627,0.16669291523399815,4.521836321328875
AdaPert,CDC23,0.036314216923992594,0.12727352815773663,0.06909110271385945,1.1719608767596394
AdaPert,DBR1,0.2650736075475027,1.6227965013879198,0.28193125208846553,6.783523281567493
AdaPert,NSA2,0.057791397868749324,0.1378182793331147,0.1304286371740654,2.387175668763697
AdaPert,CTR9,0.248923822679855,4.172888388024977,0.2514649764670799,3.903689958155981
AdaPert,DLD,0.1965959899619192,1.8313523321070209,0.22970615213079382,3.6709970614179257
AdaPert,RBM28,0.11732060143975499,0.5790006852686984,0.20512402850738148,5.539772356505631
AdaPert,PSMB1,0.10790749347009865,0.3036540259824794,0.12388281183409014,1.7368552698803248
AdaPert,FTSJ3,0.1950379649610464,1.2535373789383768,0.1698162390531135,2.844444862928142
AdaPert,WDR82,0.27241036426652643,1.4156807793655124,0.2678471386416184,4.861107287104973
AdaPert,POLR3C,0.0268695780560572,0.04508903969991764,0.07027785408163177,2.9480300363247025
AdaPert,DHX37,0.06745212993358395,0.6026240174495727,0.04773833309354984,0.38121283198915323
AdaPert,SAP18,0.7347220980372619,5.140943146749913,0.36856105055938776,8.69547618691144
AdaPert,GNL3,0.17845919380790304,0.3975278392957451,0.3550378080592109,9.095721235876317
AdaPert,NDC80,0.056214432594944706,0.27997380132055805,0.059884113302153714,2.2982754751011982
AdaPert,TTC27,0.2550877057959249,1.8903625671285142,0.2146251586326872,4.401951775754337
AdaPert,CDC123,0.11813935287569889,0.41487941615949314,0.10659988392485868,1.5001224676806144
AdaPert,WDR3,0.02931297211959638,0.1494999560143162,0.02797040398005399,0.10871691427608529
AdaPert,WDR43,0.19859819149601876,1.343976852904787,0.2264567137973168,4.45525850617273
AdaPert,RPL35A,0.1328670257647243,0.21969350246905855,0.1465121158772078,1.7825716601424344
AdaPert,NUTF2,0.26938246091830687,1.2308038951954416,0.3075573235640575,6.840309022388121
AdaPert,SNRPE,0.10476083746559424,0.33717725444852337,0.13120112988194388,2.7278675760002398
AdaPert,CSTF3,0.7960182245466253,6.203066731668922,0.3660981621547698,7.971638308172997
AdaPert,WDR5,0.4019357419831909,5.125019445694423,0.34570274101213305,8.547010884409577
AdaPert,YEATS2,0.03663671494910634,0.12053203366235511,0.04402278602235712,0.6515984968756983
AdaPert,PSMA2,0.09351728939034261,0.18658558552369484,0.3914321421004619,9.563321190774415
AdaPert,HNRNPM,0.19038426212357454,1.1336243605380862,0.14233128215528662,2.170074809392301
AdaPert,RPL11,0.0208364248290626,0.030078851379401313,0.028878670907141985,0.5719208327545999
AdaPert,MED26,0.21844527309151113,0.15726673223653914,0.279846486466508,3.698888697466889
AdaPert,FAM50A,0.3438959686236612,1.7135940414820516,0.48805714079676105,9.693128369537781
AdaPert,SMC4,0.07314380836395884,0.25567328030564257,0.07458567492695196,2.2588605151331853
AdaPert,THOC7,0.0706676378358005,0.21762299006561284,0.11070482206854006,3.453943933309325
AdaPert,EIF3F,0.15070420979067622,0.5181319802877572,0.38151853776160205,8.284952724308713
AdaPert,MRPL49,0.20597219790900856,0.45218890005366924,0.32327651313341554,7.774159616352705
AdaPert,EIF3J,0.09574455807545834,0.09928959961017221,0.21687551652880938,6.621786865076673
AdaPert,PSMD4,0.10733658555117022,0.22729587476835306,0.11729115640235686,0.4772010958998345
AdaPert,SCAF1,0.10171338187240724,0.5997533527712946,0.0850030836466209,1.2103029352787464
AdaPert,RNMT,0.12022136419028821,0.4188434216915217,0.09569593443089416,3.165640095149002
AdaPert,PPP4R2,0.08536677870049249,0.2579143533886523,0.07542114112720011,3.0044374879517193
AdaPert,ARPC4,0.0422289708019891,0.08126155024458666,0.093022146378033,2.7196297221565424
AdaPert,DDOST,0.10750444418667458,0.29686227295280365,0.19282551099113476,4.693838973308038
AdaPert,MRPL32,0.13576491227712273,0.49782321201668567,0.14964533866761837,4.605196501455551
AdaPert,RNF40,0.0796984082670795,0.520343763062039,0.0727670763241736,0.8850245728080588
AdaPert,HSD17B12,0.09189148327151299,0.5708336925288161,0.09747517111568979,3.0616073006829247
AdaPert,EXOSC10,0.1110466346721894,0.24599351405288364,0.23801510723049946,6.108015646487852
AdaPert,NOP10,0.09794542647221569,0.36482006612492157,0.08042733288755119,1.5298775488022598
AdaPert,CPSF4,0.4869187897461046,4.001113358020635,0.46435351317417706,9.408203558651795
AdaPert,OGFOD1,0.2733234619195104,3.2469969343482914,0.18127262747632994,2.039078446071434
AdaPert,RPL18,0.031778414253008674,0.07528345055331354,0.037860683405769424,0.1716157226224034
AdaPert,SPCS3,0.0234480849166114,0.04124804295215962,0.11554585396614911,4.900769634260841
AdaPert,MED8,0.1372194307856194,0.8513993825404673,0.12975497085539933,2.5774338253300857
AdaPert,WDR70,0.11717428829664615,0.19978737106355246,0.5838286208861976,10.940143441430251
AdaPert,NRBP1,0.14303867220747818,0.29024994498466616,0.22716709989689338,6.468366660355169
AdaPert,PRELID1,0.03248743877658989,0.05765595298496899,0.08457749368941578,1.4293856104320206
AdaPert,SNRNP48,0.06045690811115345,0.37038118406209053,0.07219922235193373,2.8719347742585635
AdaPert,TAF6,0.11608834466212826,0.2624498909790782,0.11695145052288052,4.061003662907233
AdaPert,TCP1,0.1681086543478159,1.0364058897679882,0.17638137561710573,4.756064970440236
AdaPert,ATP6AP1,0.04901508775720652,0.2046166194075764,0.0867145240518668,3.247755846759231
AdaPert,ISCU,0.16344578243329977,0.2532746709575283,0.4508096829428318,9.436706762456579
AdaPert,PAM16,0.23348226745270365,0.7324331812997158,0.3069247392384723,7.2489979852363255
AdaPert,DDX52,0.08741180516291039,0.26425688235234585,0.09357449074982727,1.0320378367567913
AdaPert,SIN3A,0.09588948783649162,0.2748050253798711,0.10774816637104735,4.71066448278427
AdaPert,NCAPH,0.09089579665725639,0.1689143629183596,0.17373846649075592,4.9341533443473775
AdaPert,PDCD2,0.1699586834539499,0.33040887507532823,0.1985471899743824,5.403679431301494
AdaPert,SPC25,0.07370556035966933,0.24136515940448103,0.09144982005705711,2.133120577851703
AdaPert,XRCC6,0.30405924269688756,1.0610407964625086,0.5788099253198922,9.9679732953931
AdaPert,WDTC1,0.1782154979714655,0.910250351233427,0.16342806406918145,4.314463625298907
AdaPert,RFC4,0.1237965747507504,0.4545966869835539,0.13102783169825769,3.714616308648456
AdaPert,CNIH4,0.10990908190048693,0.36754050499150365,0.20575177075799372,6.235616593589344
AdaPert,HAUS5,0.0562184159934384,0.11794752230313783,0.05896541701139104,0.5107294034998604
AdaPert,PRPF3,0.1069054068441214,0.5337382565466395,0.11572751177361558,3.9135511573800628
AdaPert,SRP68,0.08583390753037341,0.7913851815801084,0.09219180101133007,2.6025642407154606
AdaPert,NDUFA8,0.040573851171029254,0.07964588699897371,0.1309845258250407,8.675528884810547
AdaPert,PET117,0.14651810678070362,0.42226701180725684,0.14912983533875881,5.1153571815207
AdaPert,VPS72,0.3733936455256188,1.4868766766208372,0.4202524585213246,6.65195369201958
AdaPert,UQCRB,0.042365085675025976,0.0836448832643443,0.09976162823433002,2.9292897380971548
AdaPert,RBM19,0.16879857850539706,0.3386108948073065,0.3283180640947975,8.307139203880094
AdaPert,RPS5,0.06763172247391562,0.28444156468338766,0.07667690304809403,0.7835901121217559
AdaPert,SDC1,0.0734824830345346,0.11941677989839222,0.0989593205243652,1.69118879742891
AdaPert,MTPAP,0.1287813506427213,0.5241179589373894,0.13199146575411314,3.87695472284329
AdaPert,ARIH1,0.18181472024949885,0.3865832594990742,0.18778509700845122,5.182562401046214
AdaPert,DDX41,0.3965297558809313,1.9600497354650996,0.3871979941521657,3.3025426815164867
AdaPert,HSCB,0.01648085834986558,0.016336631805791976,0.10542864061653927,2.8204963185787824
AdaPert,HNRNPU,0.13679380134380917,0.5404519826731948,0.2125126619702618,6.46862213082421
AdaPert,DAD1,0.2196455780557641,0.5085514200714643,0.18651320039887917,5.304217364437571
AdaPert,MRPS18A,0.06441262222646636,0.2612978056295627,0.08135778748473771,1.5542516848254069
AdaPert,POLD2,0.10689490614389298,0.427260256198107,0.11963509587134931,0.9142018680526742
AdaPert,HGS,0.12367625805097467,0.7535567367862464,0.15348235712244682,4.794072138730662
AdaPert,UTP3,0.4004635896100375,1.8433800795643234,0.465072519385456,8.966828159082675
AdaPert,CENPC,0.06898210859417783,0.22068326935303925,0.08732862651574737,2.802473802201969
AdaPert,RRP7A,0.1563769317982966,0.6744615046529756,0.28459397651886614,7.181117175255386
AdaPert,NELFA,0.2119029585010977,1.5910278424110618,0.15773527923772673,4.575714101515772
AdaPert,RRN3,0.577823211385835,4.996962906579978,0.3426306669959264,8.17291034851888
AdaPert,PSMA6,0.8503564523543415,1.6526633875639933,0.9223896898043236,11.648456083965563
AdaPert,TBL3,0.19229638666154056,1.1661431515079501,0.1485525439669426,4.446157528326186
AdaPert,CWC22,0.349562702497807,0.3116201739101789,0.5518011731483803,10.439132124820338
AdaPert,PWP2,0.19223605620780992,0.9147560605976766,0.2254474956438933,6.329973225008619
AdaPert,PRPF31,0.9338069362988177,7.6188864988816904,1.1971554929877342,11.98463636559302
AdaPert,EIF3G,0.33402859574336613,3.8441488315834262,0.18246058785933691,3.9459819193244337
AdaPert,PGPEP1,0.2154172637954639,0.6427678114507369,0.25491493320106606,6.995731126304648
AdaPert,OPA1,0.13415606452554749,0.3297688640973281,0.27456990502514433,6.701491558916423
AdaPert,EXOC7,0.23947587833150794,0.48469794636367663,0.6306054837396434,11.119327944366177
AdaPert,BMS1,0.8047681271438685,2.672377155052268,0.8283384485426059,11.950943356373825
TxPert,SMG5,0.11948582235868666,0.3622955731874024,0.17259778827698058,3.1735648491429727
TxPert,HNRNPH1,0.18765017664020867,1.1110468363481045,0.17732403564265709,5.039109736450042
TxPert,RPL10A,0.056754518356076304,0.14556624538068008,0.05977834938568353,0.506314528536139
TxPert,EIF3E,0.22586395085715183,0.9090961993222131,0.23059155540675944,2.6863959249021967
TxPert,MRPS14,0.11730967498078836,0.5332360566784136,0.13669159032552447,4.349553628140352
TxPert,EIF3M,0.15388663056285587,0.9175782634585898,0.15662394580116873,1.1797068446509593
TxPert,RPL13,0.029160823139459047,0.04544285934735832,0.028940851810308182,0.14339531953970008
TxPert,SNAPC3,0.0595860178271358,0.19343223149881517,0.04485147407770841,0.3871762283603291
TxPert,NBAS,0.0718094958560761,0.2668821152202552,0.11344717357546664,3.744222231643379
TxPert,ELP5,0.023685224187943613,0.06432160931740337,0.05935020189988252,0.7134460145356967
TxPert,RPS6,0.06195792555840895,0.31884851587663754,0.06681811151706993,1.9338697931859992
TxPert,SEC13,0.5482123998327514,4.726904522605707,0.3374522288332451,8.315929361113362
TxPert,SFSWAP,0.07373145111811756,0.3486215711282842,0.09147279208271064,2.972538990324253
TxPert,SLU7,0.3524842663697856,1.7335325386817193,0.3589416849372636,4.609455525134522
TxPert,POLA1,0.04379638638680951,0.16599335061988063,0.0423442447227581,1.964961630614293
TxPert,GFER,0.04145488461904395,0.146931123402961,0.04617946609622953,0.2965524185427734
TxPert,C1QBP,0.15136146131543052,0.23875069481572286,0.14337316504236292,1.6714166766799103
TxPert,SNRNP200,0.15837736623988974,1.5921583202479046,0.15183885997368404,1.0290904250604052
TxPert,NUDC,0.057016458965234884,0.158157529511533,0.13435704835498666,2.819140514839614
TxPert,PCF11,0.1365303699194728,1.2988251108006879,0.1500440611817497,3.190015162101991
TxPert,PSMA3,0.11315394598505292,2.168786076337158,0.11058926845836514,1.293899794634862
TxPert,RPS26,0.12012514195131604,0.49692383696246334,0.1490458203028827,4.185756692170654
TxPert,GRPEL1,0.07541215239117915,0.4825315631820235,0.10343287352885891,1.716616774769617
TxPert,PHF5A,0.19035427902767255,0.330749877423332,0.19661935234081596,1.0932060561697754
TxPert,ZNHIT6,0.11313719759450941,0.5425171636342153,0.08556524563570121,1.530651212197585
TxPert,SRBD1,0.06724877557484853,0.15816556944817273,0.0758470246777801,0.6973113270094273
TxPert,MFAP1,0.12367057413539194,0.8492580838862678,0.12117083562801385,1.6199400404081332
TxPert,RPS19,0.07085622792116814,0.16832418446787667,0.06714111492988142,0.3014447201518913
TxPert,ARGLU1,0.07483781131680356,0.35387306319303186,0.06794289492087115,3.3522058225626137
TxPert,GTF2E2,0.057076263459957845,0.09677361241619506,0.1624860882539506,4.3739858245878285
TxPert,DYNLRB1,0.057588457809738015,0.14533571465081238,0.05939534424188369,2.6266458634150305
TxPert,TSR2,0.10120113128964987,0.37568104402609287,0.10116947070377431,0.535261019564603
TxPert,COG2,0.029750861202365947,0.05025783031667214,0.04913771307862853,2.1875732462202078
TxPert,SFPQ,0.47340576086373226,3.457128844193747,0.5010391358966099,7.934914870992014
TxPert,MRPL18,0.09805741024738883,0.7004984891208633,0.07996570836104114,0.9752400632086968
TxPert,NAA15,0.07659223755353067,0.29463502453792967,0.10308129746376518,3.5021707204411423
TxPert,DONSON,0.02859971788587404,0.12473425980231133,0.02797089568993713,0.31233447559126704
TxPert,RARS2,0.036767138583161316,0.18546007637061737,0.07137531935412465,2.8581030847027176
TxPert,RPF1,0.047946520516999554,0.12981592923223356,0.08706393566668261,0.9186897872818318
TxPert,ZBTB17,0.1408427015394773,0.5950696339463399,0.12707007443418591,3.754332867764709
TxPert,DPH2,0.06130519857102774,0.20022910244416983,0.08744843830054028,1.6241995015391557
TxPert,TAF10,0.36205775860867045,2.3836786155014407,0.49084129659415626,10.16531246445064
TxPert,XPO1,0.20736556127919784,1.6102304514293322,0.21924759117575376,2.5581127107335755
TxPert,NUP54,0.10854158686996189,0.8379663716645717,0.08715987051438397,2.225566852736404
TxPert,SSRP1,0.07255782447787056,0.27300948305484807,0.0780059585325949,0.35306063090303774
TxPert,SON,0.2732411193397865,2.259089010173378,0.23319862217119708,2.7408389517830862
TxPert,BGLAP,0.06226148831815021,0.1842720036844604,0.05185291128843992,0.33647216222833404
TxPert,PSMD7,0.11899307549625297,0.5654102553240721,0.124259535599787,2.8509813860685687
TxPert,SUGT1,0.7361040764868259,3.652018289407882,0.12126603296081098,4.679854716906089
TxPert,CENPE,0.07647347099457628,0.1658817810097078,0.10427550929097028,2.6247247818363655
TxPert,MZT1,0.03927500934886291,0.045290767414227565,0.05087693749603975,1.1498341732400972
TxPert,NFRKB,0.06554004557726299,0.2165597207967053,0.08319016969901835,1.4917702983077796
TxPert,RPS14,0.09951714860231681,0.1711986980493382,0.09717186765265166,0.4070863023867504
TxPert,SNRPG,0.06895221580907948,0.23771353488785055,0.08077794188189107,0.8780798083499337
TxPert,MRPL38,0.07975577871625904,0.4703219819641197,0.06848793706776501,1.219457373854121
TxPert,MAGOH,0.07291274116708978,0.2151252742848243,0.0991469078526952,3.080814586651641
TxPert,DNTTIP2,0.04476778596271519,0.20927732913657038,0.05397354570138155,1.2593573374400338
TxPert,U2AF1,0.22125414320502665,1.3141668545344105,0.26252494137682075,3.3991426403635296
TxPert,NOL6,0.09377285752097594,0.7224341542732781,0.0868909106489176,1.5005949710036481
TxPert,SF3A2,0.12151423632246547,0.36662020578908416,0.1308510670477325,0.7470568934971578
TxPert,TXN,0.14699447244050615,1.0186054896968566,0.11837867767560366,1.6526093598252822
TxPert,ORC5,0.24337621528233971,0.7327258433503533,0.19520807261434908,6.08340337103175
TxPert,DDX49,0.2576591044768805,0.6991336307576268,0.36910652419377527,9.319432198347315
TxPert,ANKRD11,0.16207264619919423,0.4166537072483577,0.18476342193692263,4.623683238579338
TxPert,CCDC86,0.05339455342144191,0.3144700412806566,0.05951246784954102,2.924729822510196
TxPert,RPS21,0.17693922819755353,0.5182120119457669,0.17370799060967462,4.810737150887246
TxPert,POLE,0.06099416349693169,0.14803113458443132,0.05697487929958847,0.16124322263485785
TxPert,TRMT10C,0.11779484646095015,0.6156603281525834,0.1664207031571574,5.169154138789638
TxPert,VPS29,0.1028729353469321,0.395341990180901,0.10510088047075054,3.4810417473614246
TxPert,CWC15,0.17208612696030529,0.908038810851181,0.19673414151971363,3.3738658465038407
TxPert,CHMP6,0.03750801521295127,0.20328811138848754,0.04519900532744432,2.236782692378973
TxPert,RBX1,0.5184899622441473,2.9311871272195567,0.3155069180453881,8.089466875089336
TxPert,BRIX1,0.1402926676965493,0.4318238138998712,0.16285462217902105,6.086013912152244
TxPert,PTCD1,0.04299048577490933,0.2547315725345741,0.03805495931289394,0.32666268703315166
TxPert,HIRA,0.07895621907133056,0.13984621765609975,0.08164827297950046,1.0621419718674696
TxPert,POP4,0.058769192316744885,0.1682129827908406,0.0787736327245456,1.393495694986524
TxPert,DYNC1H1,0.04522439352595723,0.14591915723791846,0.05515807020952491,2.40006369609751
TxPert,POLR3B,0.15618971331024878,0.4588235669354297,0.1622914079062432,2.183435567351265
TxPert,DNAJC8,0.04326119708696443,0.12039471859888826,0.051413964222196365,0.6038111992516293
TxPert,QARS,0.19376376993588196,1.2688300344669383,0.20556721105186768,4.05237153826783
TxPert,WBP11,0.09273697350606312,0.6005889137185045,0.08865535475758604,1.0371148064701665
TxPert,MCM10,0.04357079700253046,0.12584239421123894,0.04529180510765178,2.2146243305082
TxPert,PSMD1,0.11113844699243827,0.3107918581006135,0.11788436146827469,0.8472004991130583
TxPert,MED20,0.23308710278540687,3.7551408114530087,0.15461191654458786,4.282278587567447
TxPert,DERL2,0.0883063934823285,0.14552258752667943,0.11558164210922164,2.9198389265103035
TxPert,VPS54,0.029041688310882708,0.059945173356812646,0.036956152764679666,2.509028694427953
TxPert,WDR12,0.0382089646222395,0.1564309716632193,0.04886727213434672,1.2353513748498115
TxPert,OXA1L,0.04436280485168312,0.235623953440321,0.04473797573771165,0.48538782900425875
TxPert,SART3,0.19421228420420608,1.4166315422748532,0.1595200812456266,2.701933470541093
TxPert,TEX10,0.08346889592680971,1.0530913742492896,0.06259948503901709,0.5021406439124008
TxPert,GTF2E1,0.07266010258868544,0.08594564740424124,0.07494251212357841,0.8296294751127158
TxPert,DDX54,0.21914865603300568,0.7952279671594609,0.12696213190435365,2.8721646998206722
TxPert,E4F1,0.14109174925161022,0.8307311458806134,0.13852719898152813,3.747698016111921
TxPert,RIOK1,0.029293513801736875,0.09179040456724749,0.033958984043669364,0.1308142448567818
TxPert,EBNA1BP2,0.08875058479941311,0.4937756754945256,0.1339065009516099,4.433155448187856
TxPert,EIF5A,0.17322682849095292,1.2488512568541794,0.1938317926128293,4.490953951093349
TxPert,SF3B2,0.24935718064529075,1.1790914333504228,0.2547762943013294,4.156316361012404
TxPert,ACTR8,0.07758717685711405,0.5596105543633707,0.07451423042430744,1.2128545299484026
TxPert,EXOSC2,0.06379521450817728,0.15345499940820986,0.06854398729999285,0.1663343472316164
TxPert,ALG13,0.05241436892524193,0.16216794585046923,0.09012553754654606,3.2078707610690227
TxPert,CPSF3,0.05878995047411054,0.3531081455196555,0.0642148569155063,0.4953506172796664
TxPert,RBM42,0.24789220572914217,0.9247269542301153,0.2612778082831019,5.948513483376581
TxPert,CDC40,0.12623420475813035,0.3666577181511653,0.17228516372857672,3.824844103932094
TxPert,PPP1R11,0.1700545744227472,0.7582677971727132,0.2381428330398938,8.164343260934444
TxPert,SF3B3,0.1643343863634691,0.7309868552955945,0.1684211021271441,1.2898554208863136
TxPert,MRPL54,0.030086248906783814,0.03345021992489314,0.09214290170751539,2.9075260505775926
TxPert,WDHD1,0.039719025765863045,0.07558777448306239,0.0682928638597134,0.8680016191621457
TxPert,FCF1,0.08115983297510486,2.958975444903939,0.04086939433778257,1.0344102840819942
TxPert,LSM4,0.11409928318590004,0.3093818388364527,0.1562606386496645,3.8465463607662045
TxPert,IGBP1,0.07717265968073674,0.4448907379774616,0.09693504530459583,3.9773809607840884
TxPert,SNRNP27,0.13872027779407936,0.4602276856518235,0.30472405378706163,6.87673870332696
TxPert,GFM1,0.03894052245796523,0.1834111619540707,0.03869813745567088,0.610517802683142
TxPert,POLR2E,0.13981209444409262,0.41696848681792414,0.1450776887590965,3.725945368412579
TxPert,SNRPD1,0.16397868884089833,2.196056621650122,0.16428785833077805,4.1837316289030175
TxPert,RFC3,0.03488158794210243,0.09623097519883403,0.03589121566405969,0.10585104886123368
TxPert,MRPS26,0.05116896585462355,0.15068469127056439,0.08198764937153055,1.314259232860835
TxPert,RCC1,0.2774102754843814,0.5069544575019821,0.21225782539010424,1.6334797384229183
TxPert,NEDD1,0.0639617689287192,0.11542430900804243,0.07010317904552643,2.62634243896166
TxPert,DDX5,0.17375895349558781,0.5403451976215482,0.13597680607116072,2.050692519889938
TxPert,EIF2S1,0.13882628978011954,0.6236084564081643,0.1357587714758383,1.4997964728329163
TxPert,CUL1,0.04748651682484407,0.08985489188379128,0.08769759144551714,2.899611533586557
TxPert,KRI1,0.19999318776922,0.8046049491022965,0.19229194966715218,6.075107911485242
TxPert,ZNF335,0.19826206739206353,0.42330009064416574,0.15388072505375808,4.619965199671625
TxPert,GPKOW,0.13805675223628552,0.7068586654220785,0.16982854097330088,3.360083438031218
TxPert,POLR2F,0.03837820174260272,0.14120772295973263,0.051077745469630495,0.213103412559277
TxPert,USP36,0.2708147595854271,0.6390595539410627,0.0997437043995021,0.9894476831685917
TxPert,NARS,0.12344267597120594,0.6399403557008856,0.12347491439926836,1.814717160567953
TxPert,MRPL3,0.04102626376836001,0.1949588794060264,0.07073394210047142,4.085187422911009
TxPert,RPL8,0.02870531256501294,0.09957201994119678,0.029082887138293805,0.15046253618537053
TxPert,FASTKD5,0.04087096329396194,0.0972958144525077,0.056811958426447366,0.9975115544112175
TxPert,RNGTT,0.11393968646904708,0.08898239723086755,0.2068525727165674,3.687419750256171
TxPert,POLR3D,0.18419321572373878,0.42971073273892085,0.13554896506053063,2.386625728136312
TxPert,MED31,0.3562119166822496,0.41160866290775106,0.5535800686675206,10.369021424226563
TxPert,CSTF1,0.0980250464674295,0.5390482725306883,0.1164700474424282,1.7545469032231562
TxPert,TSR1,0.09783248474920868,0.6393111134222718,0.10936579620826353,2.0619988232434423
TxPert,MRPL4,0.028148054290072968,0.06213141586803787,0.08056078029163585,1.6099530001372186
TxPert,MCM3AP,0.10854214972628014,0.39789853547004433,0.11268286513925077,3.9407069349330532
TxPert,TRMT5,0.2034539657442623,1.1815523514387944,0.15531510771090223,2.941742761099814
TxPert,MRPS27,0.12142493098499116,0.23635972610957753,0.13978231402278038,3.5166167691561467
TxPert,RBM39,0.23739499431082356,1.2314137147008248,0.30721206946074464,7.320294579066016
TxPert,HSPA8,0.22887813957800748,1.6668548885867747,0.21585185045521244,6.324864654308853
TxPert,SURF6,0.11744443005204823,0.21975833827689606,0.11573946093789822,2.850683099854183
TxPert,NUBP1,0.040837997889857584,0.11037264773286425,0.061060010515815104,0.7594716817929839
TxPert,HEATR1,0.10666406938144535,0.6998229034774099,0.09546092964974248,1.6670703248317686
TxPert,PRPF4B,0.08906858760838032,0.34689565952889695,0.10125873891960605,2.817890996241398
TxPert,POLR1E,0.10870653832169383,0.39401821010229665,0.0944754727565934,1.510572378991934
TxPert,MRPS24,0.08331918231525835,0.2262777828372678,0.08314842459824427,2.883285478984801
TxPert,EIF2B3,0.09387434309883473,0.22838997651071652,0.12080889642070666,2.4853687534772
TxPert,SRFBP1,0.12484356901391284,0.5043195603252673,0.12112330519493113,4.0886247612056765
TxPert,PUF60,0.34192579912575033,1.5761999418942731,0.26126962756998723,7.000489221468561
TxPert,RPS23,0.08766841059048035,0.48155434670361896,0.08820183814471556,1.4841908834816127
TxPert,SCFD1,0.08245695010131282,0.3272864945649374,0.09214157970628034,0.9875904902411398
TxPert,MDN1,0.10877888888601311,0.23281623802838175,0.15927474637938488,4.308964704925595
TxPert,CHERP,0.1354802816521114,0.27211744683923894,0.2208842605665151,4.675966805181586
TxPert,SRRM1,0.11618260136484726,0.816055991407508,0.1126401292105562,3.232810950529896
TxPert,POLR3F,0.1455283127288848,0.14390688279786867,0.1778663521136624,1.8580442392842802
TxPert,MRPL50,0.05008334884174618,0.18097182339894724,0.06300222720247083,2.5485687356074234
TxPert,RPP14,0.17986900040466652,1.1293112825084473,0.19750568629455986,6.002416111201456
TxPert,RPL9,0.09873552119824622,0.8356202281852567,0.09826379880916186,1.3645972816579401
TxPert,PRPF8,0.10771038224217519,0.641927851328788,0.12258643348090313,2.5102937352678683
TxPert,HSPE1,0.47397249235477246,3.0577517006386,0.7094117045015395,11.165983973246986
TxPert,ECD,0.11476286505911706,0.2935622138698684,0.18723192544061598,6.349076688707239
TxPert,RPL10,0.13393390739427075,0.8575572771325788,0.13839331464837049,2.258228728771959
TxPert,AP2S1,0.07804993904530985,0.1839132616308829,0.11656060240594374,3.105725635293991
TxPert,TSEN2,0.08530811257677887,0.2634852586332002,0.08492043067646181,2.3708409973113396
TxPert,PIAS4,0.13462809052331032,0.9322150209034707,0.10703564911641092,1.3185515683992288
TxPert,MRPS11,0.13038690911008455,0.6675070669802227,0.11334719813378492,3.1640214906416464
TxPert,BYSL,0.06717287483114809,0.1912148562891035,0.10065632738653306,1.7889674509342601
TxPert,ZCRB1,0.0656034879949067,0.21488329897668823,0.10866380042493437,3.5947600065322485
TxPert,GNL3L,0.13990160336491925,0.7201436429515596,0.17612873928795217,4.70896807803989
TxPert,CDC23,0.041000060636560254,0.14390397285201795,0.07312837850334551,1.175190219990363
TxPert,DBR1,0.28134079516444077,1.782183347612882,0.3028410854218841,7.016403104469232
TxPert,NSA2,0.05552298094313308,0.11836900562624338,0.13973058110606196,2.3534941717502753
TxPert,CTR9,0.1734458551770883,3.9275077596958567,0.14948464042584345,2.4399759025857177
TxPert,DLD,0.18999360196307638,2.0326116516029846,0.20396873348236674,3.1937843358619338
TxPert,RBM28,0.11539273506506303,0.5101282217874641,0.20812353144055917,5.127264928425879
TxPert,PSMB1,0.0887648764950341,0.27591756026047337,0.10092587483734963,0.8540639466224582
TxPert,FTSJ3,0.2095501114248814,1.4545602232896244,0.1784450137133429,2.931339256634904
TxPert,WDR82,0.24281422481464182,1.551094261018092,0.22859016285589479,4.953939142133029
TxPert,POLR3C,0.13579968952940982,0.2008717534676006,0.14807880100040707,3.3330620776764364
TxPert,DHX37,0.06876801014150033,0.5919874374056386,0.04934342653072234,0.4214276987366734
TxPert,SAP18,0.7220359274673717,5.268793183361779,0.3745978231134266,8.718825925839917
TxPert,GNL3,0.1667501977573569,0.33419692583021715,0.3609656599251153,9.415086525610665
TxPert,NDC80,0.05777678748429161,0.2695153359372692,0.06564558529934951,2.4707524216443137
TxPert,TTC27,0.2726591769285686,1.939368324094754,0.23109384986853887,4.625936486826123
TxPert,CDC123,0.1227836118650299,0.4546690155094033,0.10601096511532596,1.4771270756478745
TxPert,WDR3,0.029385197080981543,0.10525650467634584,0.027095402156504085,0.05103058198002555
TxPert,WDR43,0.24496856512041623,1.7242906779282914,0.263409734754105,4.777066352108563
TxPert,RPL35A,0.1953971737543779,1.1562100771025778,0.18273267080133665,2.795714376049667
TxPert,NUTF2,0.2826876369591111,1.4462735764727666,0.31156734042056367,6.947127299709651
TxPert,SNRPE,0.2416817337828993,1.0487413996773427,0.27202579116906805,3.568531265714242
TxPert,CSTF3,0.7287759217179905,5.9548869801948365,0.32312972660119554,7.795239165777727
TxPert,WDR5,0.41469572251005604,5.368718102038981,0.3875925873468319,9.201863351561427
TxPert,YEATS2,0.03749880283541535,0.11091828752868418,0.04391449031224006,0.5641580844743418
TxPert,PSMA2,0.06854686368814755,0.14022814073846745,0.34887593870924843,8.5593596372853
TxPert,HNRNPM,0.19208116534609304,1.1355047314421858,0.1562058515946091,2.2158994685693987
TxPert,RPL11,0.02231273451349097,0.03249484429390826,0.029915271571009164,0.5134704105547712
TxPert,MED26,0.22723583007695045,0.16385939096278193,0.28998221587238765,3.7431129677659234
TxPert,FAM50A,0.372388861425181,1.8532726752639692,0.5278101156914496,9.750981264358582
TxPert,SMC4,0.09666629251466277,0.28259561829960844,0.10243489541002276,2.346501328304769
TxPert,THOC7,0.07524127121076725,0.25106272623985504,0.10759766206005358,3.2714845513438373
TxPert,EIF3F,0.15353955766104282,0.33056820252235214,0.4832790999044591,9.168983816601374
TxPert,MRPL49,0.20067011708586238,0.45678103833514305,0.3229409505787741,7.826105147596942
TxPert,EIF3J,0.10099579348090268,0.07745274480892998,0.25284315205345653,7.19878380250561
TxPert,PSMD4,0.08095337272503207,0.34171235311178394,0.08659521164452426,0.45175155703946396
TxPert,SCAF1,0.09170395970827838,0.5395389282463001,0.08683825130122967,1.2277559505144218
TxPert,RNMT,0.12220787764046666,0.5383272621969366,0.103339370523073,3.355374455705575
TxPert,PPP4R2,0.08900643394564467,0.2848399033246473,0.07128689126758976,2.946319310044827
TxPert,ARPC4,0.037191150553708016,0.08457194726465293,0.0648349097468481,2.4598888107641503
TxPert,DDOST,0.10265197006049862,0.29901659546550996,0.18357373234003177,4.57962203875932
TxPert,MRPL32,0.13299845581071704,0.48937589865093867,0.14846582267314387,4.071563117745734
TxPert,RNF40,0.12225454483789013,0.5480641851008363,0.11293753339008944,1.0593781152898747
TxPert,HSD17B12,0.11216816449835919,0.6898096209964283,0.11216116638253515,3.2178275864062877
TxPert,EXOSC10,0.12523538622195998,0.31056005927719516,0.24840884983808176,6.108246868872275
TxPert,NOP10,0.09932141822322396,0.3346977910838286,0.0831038573473358,1.6964244356846252
TxPert,CPSF4,0.5087550097435232,4.117019360539669,0.47920301251203834,9.697202069830634
TxPert,OGFOD1,0.24953407521643328,3.0941594011975915,0.16774343722109547,1.8400721515572043
TxPert,RPL18,0.09456126747920808,0.6798775614592046,0.0851309028262055,1.1363586634727019
TxPert,SPCS3,0.03909675347965263,0.061365201726226955,0.11518107656859428,5.2933721987306
TxPert,MED8,0.19284052183724051,0.9927050057221183,0.1738737666697267,2.6545082559630777
TxPert,WDR70,0.11153183513464637,0.20710695715045527,0.6201935153811537,11.245370515888784
TxPert,NRBP1,0.1445083011290313,0.4021805873759337,0.22067325679111907,6.3792347762052195
TxPert,PRELID1,0.055661034244186315,0.08741151962429144,0.09673131217225245,1.498316368701678
TxPert,SNRNP48,0.06835112191520529,0.3644947648920547,0.08148233678105331,2.7129483559034737
TxPert,TAF6,0.15458538119071477,0.5104417097177872,0.14588734993124466,4.281242555474937
TxPert,TCP1,0.16573609910959303,0.9064766802073498,0.1660326427745747,4.293879447880828
TxPert,ATP6AP1,0.047806348847609495,0.18578416007265905,0.09522951339380839,3.2692279869203777
TxPert,ISCU,0.14390332785168689,0.24066958177608022,0.4531551245386396,9.444775167367572
TxPert,PAM16,0.24207941408609007,0.7970921397688397,0.31210533536884605,7.376510445104067
TxPert,DDX52,0.0722098750778494,0.26406587363161377,0.08296987463789407,1.0727996709252825
TxPert,SIN3A,0.09170919229800299,0.24716676805118823,0.11987058790441281,4.8467967340541245
TxPert,NCAPH,0.04623404269362674,0.0595217227615816,0.1922959647986363,5.029986278465602
TxPert,PDCD2,0.143631760901688,0.45391695853005676,0.17291155678612202,5.027806908973222
TxPert,SPC25,0.07114018827764114,0.2203625802728421,0.0912326013400768,2.1822112395554076
TxPert,XRCC6,0.3487354028514092,1.3091513222995266,0.6455688966303614,11.275464379017157
TxPert,WDTC1,0.23989271265073792,1.315286006881244,0.18564541826069333,4.629252464008181
TxPert,RFC4,0.1364392954503,0.5080724214172159,0.13309723468159063,3.699446512728185
TxPert,CNIH4,0.10499907183286519,0.3413840810275948,0.2122652878261563,6.512374774566341
TxPert,HAUS5,0.07545934076285753,0.12192731448425727,0.0657187394791779,0.5594860136435988
TxPert,PRPF3,0.14338580991383812,0.7430415551973718,0.153076057094158,3.979943926166231
TxPert,SRP68,0.08183867908306865,0.7041068074143115,0.09193188948169242,2.7310061329982824
TxPert,NDUFA8,0.10837275878306914,0.12393493369967348,0.2051051879347569,9.348266007928933
TxPert,PET117,0.1177419462573878,0.3636110828434016,0.1295090571235754,4.91090581606171
TxPert,VPS72,0.19929713801053736,1.0049634113936015,0.2578038364565721,5.049902377397631
TxPert,UQCRB,0.04581700710715346,0.09502611967666165,0.10071815307177133,2.9320907254433237
TxPert,RBM19,0.1630991876110921,0.3259404341328601,0.33120581924955106,8.381264475173733
TxPert,RPS5,0.04836427112127403,0.18466327847796626,0.05770222999916381,0.6086508428857895
TxPert,SDC1,0.07635321994025661,0.1364965021208607,0.10108171588065264,1.7962371773741135
TxPert,MTPAP,0.14947723026340323,0.6225504203519757,0.152522828247942,4.186205069986092
TxPert,ARIH1,0.13905828214308916,0.26191167827983447,0.20675240027677874,5.43099380543894
TxPert,DDX41,0.42018638513923096,1.9901655224185735,0.4160686601513264,3.372989723862726
TxPert,HSCB,0.047608203985168754,0.04677437198952378,0.14386637137768307,2.9015256174652
TxPert,HNRNPU,0.14037693528190248,0.5243455244013473,0.20488384090271586,6.555695791449248
TxPert,DAD1,0.23737751022068365,0.5366621943695074,0.19801445222246938,5.458929756168839
TxPert,MRPS18A,0.06133496055476319,0.2577622725363522,0.08225016377453917,1.5583065021864806
TxPert,POLD2,0.1003777417232047,0.2894483279177934,0.1280013411724458,0.9385146830187767
TxPert,HGS,0.1343600234893371,0.8344293827205999,0.16090220425414856,5.394398217498254
TxPert,UTP3,0.4002198595060454,1.870041631492818,0.46011771416577707,8.776839046694523
TxPert,CENPC,0.09265144765544114,0.2008697251465199,0.1015834682677591,2.8294519671628753
TxPert,RRP7A,0.15832717455949297,0.6883680786377071,0.28700640259802435,7.239600315747979
TxPert,NELFA,0.21231377248266506,1.5779602517442795,0.1597811279315502,4.646584461923533
TxPert,RRN3,0.5512102110728715,4.460770702688173,0.3487232029400574,8.549025421827714
TxPert,PSMA6,1.0036676239088929,2.0245665750676807,0.870801270050145,11.431577754342669
TxPert,TBL3,0.18227487432996498,1.1321985677547655,0.1424696510310911,3.902182569730996
TxPert,CWC22,0.35396571469094235,0.29683755933853045,0.5442938317211348,10.388495835441828
TxPert,PWP2,0.2174479783729324,1.1656003373303658,0.2279554252649635,6.290904106525753
TxPert,PRPF31,1.0436267514162003,8.231744774044751,1.3559805517157026,13.056912496208259
TxPert,EIF3G,0.34629319932547653,3.8525678061006436,0.18992412632323072,3.7406839071085782
TxPert,PGPEP1,0.209269043848553,0.5457808751519639,0.2571760056701531,7.306231781740099
TxPert,OPA1,0.06414791207712114,0.20498511734914862,0.18689834833304156,5.728373591445022
TxPert,EXOC7,0.19672336629033926,0.4495790690588875,0.5890468437936207,10.692931543791552
TxPert,BMS1,0.7535838430257316,2.4943351381492964,0.8325086552782452,12.062028161702264
Linear,SMG5,0.13816298277954825,0.3652561212690853,0.19220158343915963,3.601164436611347
Linear,HNRNPH1,0.17291000186584568,1.072458639509273,0.16637500771066516,5.202748510889302
Linear,RPL10A,0.0997696794633694,0.3536615454084028,0.09493693415841135,0.4395805776561972
Linear,EIF3E,0.27090593304366917,1.6726683565421996,0.25361099962081973,3.7921012527899767
Linear,MRPS14,0.13323691173016436,0.5701674366489231,0.1455796699927249,4.738976665345385
Linear,EIF3M,0.1892763891847137,2.0510677394052017,0.17735208866605187,2.667478042909873
Linear,RPL13,0.1563837703277615,0.8645046258081448,0.1457813827255388,1.6762094136306853
Linear,SNAPC3,0.09267844752469223,0.2054258919975893,0.07130756446354061,0.5339401674285162
Linear,NBAS,0.08150132853583886,0.3207874379264926,0.12693251766615604,3.873043723892029
Linear,ELP5,0.035573141041821646,0.08352705832848728,0.09756100983080064,1.001934290384269
Linear,RPS6,0.13812853635319955,0.3980278138453627,0.1517050831508148,2.173628129853835
Linear,SEC13,0.5519624810738493,4.7947841904291195,0.3538545333566723,8.505508475789334
Linear,SFSWAP,0.08558550300554972,0.3625627420968797,0.11062887299752183,3.0564612898488694
Linear,SLU7,0.40176644057569644,1.5528070214046028,0.4131301959025905,4.69991239666973
Linear,POLA1,0.07293514633267392,0.44586339047335877,0.06356282704169937,2.1390658229085084
Linear,GFER,0.04382855398415279,0.15734987725179475,0.0576630857593421,0.4291725979862675
Linear,C1QBP,0.052632575538061895,0.09148347387478478,0.07296280413509597,1.6502183125539887
Linear,SNRNP200,0.2642405030334246,2.1575649731291007,0.2514770943086667,2.485443821466701
Linear,NUDC,0.060809374844358575,0.16946403620333086,0.12866980923934643,2.8148661803095227
Linear,PCF11,0.1250942918234491,1.2112503479315841,0.1419357357640349,3.07309962847529
Linear,PSMA3,0.16666124380292566,4.391716077836972,0.1433571628670055,1.9687187508487265
Linear,RPS26,0.19393267257813718,0.9115862906169577,0.2297328321925137,4.602553388065443
Linear,GRPEL1,0.11976053235849703,0.8537660666522219,0.15167914561510412,3.35161093508182
Linear,PHF5A,0.16977507854201562,0.8561556291069743,0.17217859697368518,2.0572298841767944
Linear,ZNHIT6,0.16368741903948975,0.7631273835881578,0.12719056047205435,2.170183018562242
Linear,SRBD1,0.053323646810769565,0.156796437419687,0.06828916731048712,0.790473964194143
Linear,MFAP1,0.1759133605021021,1.4404284536680498,0.17332723496752153,1.8904200132298714
Linear,RPS19,0.09954836575462264,0.33010587518503365,0.10648220903424853,0.6573705109440175
Linear,ARGLU1,0.07000418830411996,0.3864909121627702,0.06824072244794456,3.262514163179284
Linear,GTF2E2,0.06416597547182083,0.10739624516461505,0.19201683306942416,5.536918643254609
Linear,DYNLRB1,0.07760696818184688,0.1618587064804751,0.07484241889938847,2.804412632927619
Linear,TSR2,0.15449194300717375,0.8641642094533142,0.14405008833745364,1.5576674294465482
Linear,COG2,0.0352523848679705,0.03212716715958631,0.06448099925335242,2.3923242180119617
Linear,SFPQ,0.502183806848976,3.491961218355982,0.5365065196618073,8.200932751362465
Linear,MRPL18,0.1140376707953412,0.6591025956849556,0.11203523114548897,1.3806473652708737
Linear,NAA15,0.09328172538585508,0.35782156542433946,0.11502083217833815,3.6323356174430423
Linear,DONSON,0.05773416886665973,0.5087760227245006,0.05482157102100484,0.9021649725080692
Linear,RARS2,0.043363164857303044,0.2326691762443451,0.0885986500806932,3.087276054265613
Linear,RPF1,0.06881851296644258,0.29523244719698105,0.10398258769085811,1.519965983674622
Linear,ZBTB17,0.1238294276743087,0.5230627032689452,0.10684508698232868,3.7241409241319587
Linear,DPH2,0.059422376499078215,0.15470416734031903,0.09824193569518348,1.815191626108477
Linear,TAF10,0.3396270960923533,2.295503642395748,0.48259174513645864,10.34966152811134
Linear,XPO1,0.22410568026079097,1.6883070234810664,0.23075430698803165,3.0478425902509114
Linear,NUP54,0.13609607346395186,1.0744339966984002,0.1159710871508669,2.5819322083306395
Linear,SSRP1,0.09527725165494014,0.5936732940642402,0.11048062553858691,0.9772906442644278
Linear,SON,0.2511140248816327,2.126304192173454,0.21628912061144137,2.4408019008402055
Linear,BGLAP,0.053396954747300836,0.17459459896240592,0.047379623450826705,0.451445599160424
Linear,PSMD7,0.15800038843184624,0.7930912366438545,0.15669505294522967,3.0551555518538587
Linear,SUGT1,0.6938683883022724,3.4234712187884995,0.16052502356521536,5.856035229154068
Linear,CENPE,0.06315693983515855,0.19443728425659526,0.07924177098285379,2.6126043731039954
Linear,MZT1,0.04898385512722095,0.0968472205872847,0.05127478239236244,1.029366136982663
Linear,NFRKB,0.08953509331134206,0.4858669472038632,0.0911046764051231,1.407144501330984
Linear,RPS14,0.08578217943753458,0.20941316574331906,0.0933949360231389,0.4737960954410727
Linear,SNRPG,0.08700779506249806,0.33765408363461485,0.1071163248365567,1.1865553842043557
Linear,MRPL38,0.10307758826331237,0.5944969433785092,0.08490613814582033,1.4602837812480447
Linear,MAGOH,0.08845797960404778,0.3767222546809255,0.11471731977835005,4.235699009189973
Linear,DNTTIP2,0.15891356736523,0.5428137481626727,0.15506101228730657,2.531278368351998
Linear,U2AF1,0.17323607018015907,0.7623788568823974,0.21385688244620982,3.1230768497015933
Linear,NOL6,0.13971702885975607,0.9315248423931872,0.14060823034997494,1.2206892402544058
Linear,SF3A2,0.103056234228234,0.47331516436018806,0.10426029237309994,0.9548223464704131
Linear,TXN,0.14904577388320037,0.9544984253024343,0.14598398521005568,2.3799857612549493
Linear,ORC5,0.27854549748948787,0.8143155925903426,0.17650147165376964,5.935894211829933
Linear,DDX49,0.1798367702353785,0.5284355072720405,0.3248674426416319,8.602762914221115
Linear,ANKRD11,0.12714520264927637,0.3591657058639589,0.1496150516206241,4.410170813864711
Linear,CCDC86,0.05993498671279185,0.32078509322919485,0.07212726988430121,3.2504685955028387
Linear,RPS21,0.21463722210537184,0.6123386244160236,0.1827229254149807,4.378831318433269
Linear,POLE,0.08354377567689923,0.609400731577679,0.0810003728056544,0.7937799861687425
Linear,TRMT10C,0.12347483598031234,0.6700407220831618,0.18369088816898752,6.465647635235889
Linear,VPS29,0.189277993974214,1.0843552602621496,0.16649035144144125,4.2644870904853
Linear,CWC15,0.27480101158197123,1.5663950913083262,0.30621970182698427,4.679424396495004
Linear,CHMP6,0.08447538764835391,1.9446758272024112,0.07029121586212245,2.8064568352864026
Linear,RBX1,0.560196677192354,3.100414732603825,0.3743486313485525,8.84013645516211
Linear,BRIX1,0.1395230381224645,0.5071457280353773,0.16200214017060102,6.0995637639966835
Linear,PTCD1,0.0657685102059671,0.37085619759658345,0.0654281880296112,0.4752271411466648
Linear,HIRA,0.1330427072638209,0.2184644007510145,0.08091956712851947,1.1211451928073808
Linear,POP4,0.0824427127227391,0.49110129686879356,0.08986832788222032,1.6250270642471378
Linear,DYNC1H1,0.04730127343593646,0.09367704527045062,0.060931742021472377,2.383932155579513
Linear,POLR3B,0.14371681532761027,0.4916353587972423,0.15571723745847824,1.939213689665479
Linear,DNAJC8,0.04747114509928695,0.11808876781010241,0.058599907569166935,0.6631172583126851
Linear,QARS,0.08237526343000467,0.4405306958723779,0.09220979063803687,2.3188917045986788
Linear,WBP11,0.10923572229606943,0.8015824754667678,0.09860034695228265,0.991696828305672
Linear,MCM10,0.057877606745933965,0.240740173348564,0.061735151062377355,2.3304598671023014
Linear,PSMD1,0.19883193472462424,0.6764706015267067,0.16248989442897502,2.1417718983005143
Linear,MED20,0.32825229287874746,5.020848227875303,0.1849652992856636,4.454025872477758
Linear,DERL2,0.09137686309887737,0.26129411071734426,0.09789536534153838,2.9669181764246733
Linear,VPS54,0.0405405140289604,0.05130893835606092,0.05086172606324424,2.5757523429696274
Linear,WDR12,0.0656280148453854,0.4502409394189536,0.09276885566885403,2.5748055958244813
Linear,OXA1L,0.06243882329420768,0.24675573968938444,0.05787773986179677,0.572887761914453
Linear,SART3,0.24810975644532862,1.710856833392933,0.19710011890916657,2.909081740922785
Linear,TEX10,0.1267357886628938,1.3098474139329623,0.09663370105030389,1.4187631480034073
Linear,GTF2E1,0.077986648063106,0.17556745673901217,0.0795450570696596,1.1429913610312863
Linear,DDX54,0.22099865192230883,0.8383159939889938,0.13691151990249587,2.9155497951114913
Linear,E4F1,0.18242895685529312,0.9965732122959841,0.1922784162013184,4.535600816793783
Linear,RIOK1,0.0807130870325523,0.691624172515096,0.07482612549992565,1.0419249744571704
Linear,EBNA1BP2,0.11665292343487847,0.6714273223081301,0.1526905825681019,4.56529308134138
Linear,EIF5A,0.19156040626174237,1.2547848835834878,0.2233972477076814,4.771710944922281
Linear,SF3B2,0.3953139114422728,1.8712376567615499,0.39525317365994617,4.291413956727711
Linear,ACTR8,0.09695665481710775,0.5088153448863499,0.09047933963985039,1.6549237831225083
Linear,EXOSC2,0.1430055581608963,1.309322379915682,0.19505082709347724,2.476593040034541
Linear,ALG13,0.0817824120607975,0.270071081800003,0.1140020054971555,3.3863781070197443
Linear,CPSF3,0.08470375179763295,0.5122990086757567,0.10056545385048826,1.1531841056269727
Linear,RBM42,0.16536504396606913,0.9171001710512975,0.22560658547038082,5.872724918572848
Linear,CDC40,0.14207429794489987,0.48196509545969807,0.1971165403087503,4.406219591804544
Linear,PPP1R11,0.17090547982537238,0.703207040134801,0.23992472134239115,8.399111408024888
Linear,SF3B3,0.24332589678261735,1.1542179967484953,0.24607617531787837,1.7837182856722558
Linear,MRPL54,0.06668171232221443,0.08869658913140113,0.11361235130105646,3.1926696823277787
Linear,WDHD1,0.06633593570585562,0.15037556732709706,0.08600497797814168,1.0876213730586346
Linear,FCF1,0.1344002091826477,3.18398824141803,0.08858833455879428,1.9390359422107162
Linear,LSM4,0.1602613865406717,0.6874256286012832,0.25741493485236955,5.112526733149849
Linear,IGBP1,0.0769365882790439,0.3379057188641498,0.09765068272046377,3.870063558109833
Linear,SNRNP27,0.14339065034222567,0.3161660298681149,0.29382959654176377,7.394200595632325
Linear,GFM1,0.0631963317031942,0.24901554346163265,0.06754015634550488,1.2981250396325765
Linear,POLR2E,0.11320950094843028,0.15618641192447377,0.13728955523195366,3.7812476067204903
Linear,SNRPD1,0.339477518662936,3.697569076112503,0.33466796621912,6.11436085829833
Linear,RFC3,0.05036322008599935,0.24668672489722615,0.048646876762253474,0.21526753841090804
Linear,MRPS26,0.05289978079090125,0.1406824887160463,0.08439664834666281,1.3897103400918362
Linear,RCC1,0.11363144845712782,0.2940348966719758,0.09738356483083843,1.4338588452946868
Linear,NEDD1,0.059350197546973536,0.10249109541357784,0.08292907318279968,2.8110668856294794
Linear,DDX5,0.17124587423750376,0.5478717430932728,0.1353577207592204,1.8665535447643546
Linear,EIF2S1,0.314785241421063,2.183727854507118,0.3009033235102336,3.7888006406735637
Linear,CUL1,0.058302424749621426,0.10077945214117377,0.09688503315818724,3.8510991240199783
Linear,KRI1,0.22797678037471678,0.7370995567458842,0.23874714465011718,6.448372928016928
Linear,ZNF335,0.04194640895552102,0.09414012796821081,0.12209868315535005,4.772959205910452
Linear,GPKOW,0.2093991307560209,1.0033122267183863,0.24554184166998214,4.5975489920661685
Linear,POLR2F,0.08502644848212043,0.415889599184013,0.09044961385441488,0.5016254196001716
Linear,USP36,0.2306387143780455,0.5500447628570865,0.09739092242701854,1.035175292766077
Linear,NARS,0.11958875815342408,0.8732113384550194,0.12720682594039961,1.5132511201444538
Linear,MRPL3,0.060561881918812704,0.26127156091642667,0.09080857689243316,4.23563948236347
Linear,RPL8,0.10077626791526952,0.30815548226512846,0.10608384965451241,0.5522259297744383
Linear,FASTKD5,0.047058982416985584,0.10032118424869976,0.07179241116246943,1.0392308256832894
Linear,RNGTT,0.041645156277933214,0.1019298229791845,0.11753014411651294,3.378030931373294
Linear,POLR3D,0.15073967969045285,0.37877108113255925,0.1292095000819074,2.787612394526068
Linear,MED31,0.15559055653070497,0.3608196968589895,0.38647962203160025,9.388174686449545
Linear,CSTF1,0.13711645527193586,0.5251186683154586,0.143615588905571,1.7954071079072849
Linear,TSR1,0.13307965699311497,0.647832670357153,0.11958622867661256,2.621008298589741
Linear,MRPL4,0.025508071987504034,0.04497645935897796,0.10036508560700211,2.0401454381960544
Linear,MCM3AP,0.13539015444663285,0.47437766949964577,0.14890372216010592,4.356757159118742
Linear,TRMT5,0.1864824116731154,1.1640607059738068,0.14332679314173097,2.4234488452332403
Linear,MRPS27,0.1441244233207378,0.2646840014848311,0.16064599111468172,3.9499634110218187
Linear,RBM39,0.22993205575570894,1.2533809159289526,0.3110597164990435,7.198815258344494
Linear,HSPA8,0.2475863598006481,1.8109459005556867,0.23402845291375735,7.115860157870411
Linear,SURF6,0.11713428539882183,0.36831944447805265,0.11207670877821843,3.0486299827915544
Linear,NUBP1,0.0525503632529386,0.1251661526520108,0.07546853337032612,0.9563734920779672
Linear,HEATR1,0.1601621007603947,1.1698763239286758,0.15611473877097873,2.242623643799078
Linear,PRPF4B,0.12435995737424181,0.7508439926365552,0.11948503768838831,3.035597630245763
Linear,POLR1E,0.08579041466079369,0.292775792764668,0.0695378750635661,0.9400666880489896
Linear,MRPS24,0.10086270684671314,0.283100727302128,0.08913932577310836,2.8502158461165465
Linear,EIF2B3,0.14243338397228955,0.7390983464400533,0.185400103843724,3.838024214402111
Linear,SRFBP1,0.1331084921107032,0.6743368286356652,0.14396546118657655,4.258494026128038
Linear,PUF60,0.41542440908026,1.92839539131779,0.2761039948975208,7.063790726162076
Linear,RPS23,0.1542966070822924,0.5264866979235737,0.1511115709065162,1.1588084936956395
Linear,SCFD1,0.10830023140408197,0.4233334281583313,0.10068664201473394,1.4038762270489684
Linear,MDN1,0.11440025043386567,0.34520617583002167,0.1702859864084428,4.74262289373644
Linear,CHERP,0.18617763080723207,0.6926509310819391,0.27662509830995285,6.7752125932295115
Linear,SRRM1,0.132636257126874,0.7474336778835486,0.11868918935660805,3.2243845812974246
Linear,POLR3F,0.07826900984510614,0.10754686676212286,0.12735792905697274,2.0129546094650896
Linear,MRPL50,0.05447481725095428,0.15057714400103603,0.07884114831381853,2.6904248069958805
Linear,RPP14,0.19202040137865528,1.064121954013909,0.2098625389377199,5.920225097916179
Linear,RPL9,0.12253014836181535,0.2520203930463076,0.1406773306708005,0.7203769387214816
Linear,PRPF8,0.13538671075021916,0.8822176495657599,0.186222503742645,3.9022234179895103
Linear,HSPE1,0.5089487333789366,2.98871521299288,0.7802547502469912,12.03147596422416
Linear,ECD,0.12993379531880497,0.23083698287499152,0.2044359578270401,6.921663620581402
Linear,RPL10,0.08257218137729909,0.2664694289465792,0.0993784476160657,0.6140368406768282
Linear,AP2S1,0.0853344552568815,0.18690086762637198,0.12953169369646933,3.2491713144328402
Linear,TSEN2,0.07349605730222883,0.13133929594077026,0.11903641137909354,2.387986160721183
Linear,PIAS4,0.12684392799495448,0.7761756302086305,0.10984609157019873,1.2083574636272258
Linear,MRPS11,0.14047512510460322,0.6812028294946567,0.13194046143391175,3.413241217241307
Linear,BYSL,0.13494508531751487,0.5537589527777792,0.15889842602560836,2.551114639737067
Linear,ZCRB1,0.15094660666118173,0.7060765743734053,0.16497425564726026,3.7550033610643982
Linear,GNL3L,0.14972434413135127,0.8378187833217312,0.17726098396478546,4.828482633918705
Linear,CDC23,0.060907344935619064,0.2179006242787946,0.09184797563888825,1.1628136509697673
Linear,DBR1,0.2899979303843519,1.9149151016101125,0.3069803120390998,7.053039238732248
Linear,NSA2,0.10320301077282455,0.3164701316368891,0.1541705296790406,3.6637557111114107
Linear,CTR9,0.42755414147118154,4.488095088400682,0.47307831459575606,5.9270960266197195
Linear,DLD,0.24396852222574616,3.7154961531912267,0.26080323614520357,5.23846606984675
Linear,RBM28,0.16469721776887322,1.2912990210681015,0.21935447872277966,5.942190679820808
Linear,PSMB1,0.10119514836209487,0.31186754101872094,0.11378560341636315,2.39195380907105
Linear,FTSJ3,0.12747761422674633,0.4897603869215594,0.13836956600482178,2.6415451096580638
Linear,WDR82,0.29402498181101566,1.8918856770535626,0.2692120577577423,4.98545892813627
Linear,POLR3C,0.0853367682266304,0.15164421216410356,0.10916598018227318,3.1751378114050395
Linear,DHX37,0.08320106357351496,0.638558443324543,0.06281266146213248,0.822648340456755
Linear,SAP18,0.7695669652112399,5.241398878203195,0.40366067017567314,9.308993416729173
Linear,GNL3,0.21134931269413246,0.4626117425435215,0.3897676781238441,9.669311675828816
Linear,NDC80,0.06450103514438507,0.3522322589334216,0.0662748695508058,2.525572780560396
Linear,TTC27,0.24195712934313662,2.02483808958904,0.22837430188945634,4.367720464385766
Linear,CDC123,0.1286508527866616,0.3968300608856239,0.13798480245464964,1.9048648733202083
Linear,WDR3,0.0695661727405387,0.581157000368334,0.06414635064006813,0.47126218396743397
Linear,WDR43,0.262641628430117,1.6824812795374524,0.27872060638048923,4.563157103513415
Linear,RPL35A,0.13111783281593298,0.44223519279568313,0.12804395578853336,1.0550506737511722
Linear,NUTF2,0.3269572238437829,1.8309879283801334,0.3881966210515285,8.439584834463112
Linear,SNRPE,0.2719197852934486,1.1996066195758797,0.31192047923126526,4.086823848716722
Linear,CSTF3,0.8473314906255843,6.57318241458544,0.38021530830289363,8.263206414902722
Linear,WDR5,0.4260197329840579,5.3636772349556185,0.3739722337560336,8.73937659887912
Linear,YEATS2,0.0754051278764814,0.2388197547177375,0.08295535478102065,1.072762961854761
Linear,PSMA2,0.11310932109064709,0.21769503081478703,0.3692954966750862,9.622627674219302
Linear,HNRNPM,0.18621862983821263,1.0388165619692247,0.11916034946915913,2.4095438471027237
Linear,RPL11,0.06615099281960601,0.13644053142442933,0.07618052053109382,0.41508943676497245
Linear,MED26,0.04360553150747354,0.050706650192613674,0.13513650523800277,3.6073232479377264
Linear,FAM50A,0.3483421675957187,1.842337319923681,0.497664034593278,10.12415331179622
Linear,SMC4,0.0850192605076008,0.25754631923258886,0.08183747489527508,2.3928017400707886
Linear,THOC7,0.08332766255899896,0.29243980646641526,0.13158421707088383,4.159227764509094
Linear,EIF3F,0.1681657500554099,0.536642090945089,0.4854847402343351,9.967833785987729
Linear,MRPL49,0.2590866465960848,0.6379143593079682,0.31544408157889636,8.13977119267869
Linear,EIF3J,0.10253283076372378,0.23846248868167946,0.2125338714300044,6.788927709556168
Linear,PSMD4,0.08435387291812772,0.33556139357556125,0.0884392272205877,0.6275871774224615
Linear,SCAF1,0.085515081039768,0.3267068784150752,0.08230396582463048,0.8911774813638111
Linear,RNMT,0.13028303936749125,0.563410909808049,0.1262423674496175,3.6745828183115545
Linear,PPP4R2,0.11928935377028665,0.2855035372382291,0.09686516158351645,3.19409702411394
Linear,ARPC4,0.04408856883349756,0.08302089564072809,0.07845890801272623,2.631812707313431
Linear,DDOST,0.10781343833091096,0.25915336837898784,0.1738757129684962,4.338214555638595
Linear,MRPL32,0.1796373920761283,0.5489495022211243,0.18145672334254273,4.879565352857073
Linear,RNF40,0.08710141946947561,0.5688607399488541,0.0866525126697518,1.016861730322888
Linear,HSD17B12,0.11049254974647542,0.5807651055127898,0.1081614698932059,3.1250410662201533
Linear,EXOSC10,0.08466406348019484,0.24267541948065488,0.14639246665773786,5.172305275059587
Linear,NOP10,0.11404040215810846,0.43273548010547713,0.09301223313898925,2.1163075160490195
Linear,CPSF4,0.46970037230105743,3.914117283306295,0.46857128834686196,9.472792470662128
Linear,OGFOD1,0.26571402362020013,3.326249387198029,0.1779475125385894,1.9993684496763109
Linear,RPL18,0.12923530551001472,0.5409252194277325,0.1292808382073857,0.726290993182553
Linear,SPCS3,0.025513283571816616,0.03761624913889909,0.12318939580165517,5.077242510856476
Linear,MED8,0.21617042707245043,2.548309009260123,0.13717906315421072,2.9032825727930236
Linear,WDR70,0.11426903890150786,0.22966463184387131,0.6521824022400792,10.999178432226692
Linear,NRBP1,0.15244219061716927,0.4022455511807554,0.224920150332065,6.161909323408741
Linear,PRELID1,0.05391075457936125,0.09674081215658518,0.10160279070898051,1.8175225018609917
Linear,SNRNP48,0.09073505861321766,0.42886456648176174,0.09938719568323047,2.693336766048595
Linear,TAF6,0.17361359639372073,0.5218263402084883,0.16478580910917073,4.519104074980296
Linear,TCP1,0.26326814123136244,1.802303571066814,0.2496733411111029,5.78073017520217
Linear,ATP6AP1,0.04952933301175376,0.17620718258454335,0.09580425366999483,3.2076286053154823
Linear,ISCU,0.13484524534963443,0.21338312820398236,0.45846373681787683,9.718586703811258
Linear,PAM16,0.30630811436629535,1.7011713943055726,0.39096555206818734,8.160750921767027
Linear,DDX52,0.0888000747315899,0.3697640476300822,0.09740642353141844,1.3561382593648568
Linear,SIN3A,0.08754610926191551,0.23143502055896434,0.10797453091763148,4.687501202519431
Linear,NCAPH,0.08599748865027633,0.15435633690844452,0.18512721253649575,4.7057832767466605
Linear,PDCD2,0.15434094281214825,0.36180406989441327,0.185822339368621,5.017857491348195
Linear,SPC25,0.10748066390421551,0.46769282913975685,0.12785091365052914,2.722644299721687
Linear,XRCC6,0.3942436784023936,1.530865554419036,0.7134688769595717,12.170940057783064
Linear,WDTC1,0.19814790285132788,1.183373068595551,0.1700988560109378,4.649690162790357
Linear,RFC4,0.17797554038529959,0.5903185214561647,0.15270895550835425,3.8879754845618644
Linear,CNIH4,0.10890484269818519,0.3201180652032109,0.22431552235253133,6.655426902810435
Linear,HAUS5,0.056906783611038625,0.09161380086724714,0.07845701704895394,0.9022979752773088
Linear,PRPF3,0.1855832357514794,1.0203505597969067,0.19607012498584414,3.967523921827275
Linear,SRP68,0.09587210825347538,0.7661684355823197,0.10973643139519243,2.5637717688503314
Linear,NDUFA8,0.022545483362806016,0.028200955167230497,0.1643181617301131,9.080772325186295
Linear,PET117,0.12026319011653305,0.34926432537959456,0.13251898041845744,5.11045649199568
Linear,VPS72,0.278944086009558,1.1832873706166724,0.34553856267482413,5.881672118235703
Linear,UQCRB,0.06340945564826042,0.1326112936999543,0.11962423886959901,3.138036415247981
Linear,RBM19,0.22109164635224865,0.5276499299977699,0.339122845642482,8.22201503662643
Linear,RPS5,0.1285408060350355,0.22937852568423234,0.15093409723318307,0.7706089429264678
Linear,SDC1,0.06748028515251872,0.11491323739016647,0.0949211696478275,1.7254930182672108
Linear,MTPAP,0.1775219823029961,0.7797742106180439,0.1728459606871517,4.611923749909723
Linear,ARIH1,0.12486388361358336,0.2673082901282806,0.19007127416297767,5.3571276328013555
Linear,DDX41,0.41888037751619844,1.84550379255119,0.43046417510940505,3.5858748215686047
Linear,HSCB,0.02591879284072184,0.024383222420943228,0.12949088016837276,3.1929180502398284
Linear,HNRNPU,0.13697805042904698,0.5168546013217723,0.21051735856766263,6.300180945292385
Linear,DAD1,0.234744018814448,0.5427806816878985,0.18336662327752198,5.333174952699272
Linear,MRPS18A,0.10187685056962811,0.3933597703516779,0.10125668787650582,1.9619071427258583
Linear,POLD2,0.12543211835017426,0.4580668267327599,0.14597932152646817,0.873498811072754
Linear,HGS,0.12401450365550551,0.8028910195647777,0.15652393751769894,5.427995758415447
Linear,UTP3,0.45680369011953276,2.1149943223103613,0.5167850102960083,10.23620403190105
Linear,CENPC,0.0792334139368478,0.2631323540668083,0.09499085862292808,2.952441032424084
Linear,RRP7A,0.19454471660842693,0.8291726688239276,0.3077284311819193,7.6958697867260835
Linear,NELFA,0.2416967106240533,1.8133435537779292,0.18602172322251972,4.956465496060284
Linear,RRN3,0.5716226780870194,4.571189729110413,0.36679803954122936,8.498040276696663
Linear,PSMA6,0.7530072596515217,1.3706698976121268,0.9293520789848638,12.360465290980127
Linear,TBL3,0.2498660617905172,1.3757478365392535,0.17872684243427,5.781745231989145
Linear,CWC22,0.4497152987005857,0.43709411074693116,0.6220274961450375,10.958624144999867
Linear,PWP2,0.21284872981531877,0.8170017558425201,0.2604457250876054,6.546207912349812
Linear,PRPF31,1.1550048819616001,8.446911707970587,1.4375402540013111,13.256873229284423
Linear,EIF3G,0.45814724895004766,5.395266142995523,0.2504680169929596,4.677486699355621
Linear,PGPEP1,0.19775235047449743,0.5454130294990153,0.25723406381734526,7.078013304407888
Linear,OPA1,0.08967535832669853,0.1673154306457969,0.25999984622282596,7.954251631125426
Linear,EXOC7,0.19477795181796315,0.44637451454440114,0.6151135468384936,11.273942652044557
Linear,BMS1,1.0306010410635147,3.4733522431156696,0.880096900371233,11.94238851541299
