n_pathways,n_gt_sig,n_pred_sig,n_recovered,recovery_rate,precision,false_positives,nes_pearson,nes_pvalue,direction_accuracy,pert_name,method
44,6,2,1,0.16666666666666666,0.5,1,0.24375401351000958,0.11082650530137604,0.4772727272727273,ACTR8,AdaPert
44,9,11,3,0.3333333333333333,0.2727272727272727,8,0.375273493150285,0.012069388628517617,0.5,ALG13,AdaPert
44,16,3,2,0.125,0.6666666666666666,1,-0.3562824363951045,0.01760827636890636,0.20454545454545456,ANKRD11,AdaPert
44,32,20,16,0.5,0.8,4,0.600168746590107,1.660545787058252e-05,0.7954545454545454,AP2S1,AdaPert
44,15,4,2,0.13333333333333333,0.5,2,-0.19966674810937127,0.19379262610226633,0.4318181818181818,ARGLU1,AdaPert
44,31,24,19,0.6129032258064516,0.7916666666666666,5,0.45556975045747383,0.001886723493472828,0.6818181818181818,ARIH1,AdaPert
44,7,2,2,0.2857142857142857,1.0,0,0.4060009175606129,0.006248490134339129,0.4318181818181818,ARPC4,AdaPert
44,36,2,2,0.05555555555555555,1.0,0,0.623619045441222,6.120518728098002e-06,0.7727272727272727,ATP6AP1,AdaPert
44,14,16,8,0.5714285714285714,0.5,8,0.35360014917075655,0.01854132918506826,0.4090909090909091,BGLAP,AdaPert
44,7,3,3,0.42857142857142855,1.0,0,0.17032321227620495,0.2689983565398386,0.5454545454545454,BMS1,AdaPert
44,25,1,1,0.04,1.0,0,0.4417441029978226,0.0026826967542860256,0.6590909090909091,BRIX1,AdaPert
44,3,2,1,0.3333333333333333,0.5,1,0.33572289202591327,0.025885358543501828,0.5681818181818182,BYSL,AdaPert
44,11,3,3,0.2727272727272727,1.0,0,0.4444398907364856,0.002507603540241596,0.45454545454545453,C1QBP,AdaPert
44,21,5,4,0.19047619047619047,0.8,1,0.28014115748281804,0.06550110414378901,0.45454545454545453,CCDC86,AdaPert
44,18,3,3,0.16666666666666666,1.0,0,0.40753956840616296,0.006036138612778311,0.5,CDC123,AdaPert
44,15,5,3,0.2,0.6,2,0.42839423389620446,0.003718006317748262,0.6136363636363636,CDC23,AdaPert
44,19,11,3,0.15789473684210525,0.2727272727272727,8,0.4410076764271048,0.0027323619204651017,0.4090909090909091,CDC40,AdaPert
44,21,8,5,0.23809523809523808,0.625,3,0.5280689758357054,0.0002295221186492666,0.5,CENPC,AdaPert
44,12,3,3,0.25,1.0,0,0.4614448151207139,0.0016173807784226422,0.4318181818181818,CENPE,AdaPert
44,13,8,1,0.07692307692307693,0.125,7,0.34416688034119686,0.022160570973299678,0.5909090909090909,CHERP,AdaPert
44,36,19,19,0.5277777777777778,1.0,0,0.7005093372532597,1.198949276574007e-07,0.7954545454545454,CHMP6,AdaPert
44,21,3,2,0.09523809523809523,0.6666666666666666,1,0.5465417575468668,0.00012393931463830572,0.75,CNIH4,AdaPert
44,24,2,2,0.08333333333333333,1.0,0,0.5352158831960817,0.000181602165268587,0.7272727272727273,COG2,AdaPert
44,16,4,4,0.25,1.0,0,0.5683637698641358,5.7045855949995574e-05,0.5909090909090909,CPSF3,AdaPert
44,10,1,1,0.1,1.0,0,0.4045987812429871,0.006447613434739092,0.18181818181818182,CPSF4,AdaPert
44,22,1,1,0.045454545454545456,1.0,0,0.35266200780842005,0.01887735640899367,0.2727272727272727,CSTF1,AdaPert
44,12,1,1,0.08333333333333333,1.0,0,0.3204782303581046,0.03392945801778525,0.2727272727272727,CSTF3,AdaPert
44,16,12,3,0.1875,0.25,9,0.41775321308883784,0.004778832490808428,0.5,CTR9,AdaPert
44,12,17,5,0.4166666666666667,0.29411764705882354,12,0.080586984147451,0.6030553935672402,0.4318181818181818,CUL1,AdaPert
44,25,10,5,0.2,0.5,5,0.5990111290456013,1.7408704062331636e-05,0.6363636363636364,CWC15,AdaPert
44,22,13,7,0.3181818181818182,0.5384615384615384,6,0.47825385178572793,0.001025106999641207,0.5227272727272727,CWC22,AdaPert
44,15,7,4,0.26666666666666666,0.5714285714285714,3,0.5225211074196202,0.0002743009974671252,0.75,DAD1,AdaPert
44,28,3,2,0.07142857142857142,0.6666666666666666,1,-0.18900761563140261,0.21916430404243287,0.09090909090909091,DBR1,AdaPert
44,12,6,4,0.3333333333333333,0.6666666666666666,2,0.43069979733090574,0.0035174858166612324,0.5227272727272727,DDOST,AdaPert
44,29,5,3,0.10344827586206896,0.6,2,0.2967189375870728,0.050483321882772575,0.18181818181818182,DDX41,AdaPert
44,4,2,1,0.25,0.5,1,0.19905188936349363,0.1951970387242638,0.4772727272727273,DDX49,AdaPert
44,8,8,3,0.375,0.375,5,-0.32146949287452037,0.03335031537042212,0.45454545454545453,DDX5,AdaPert
44,10,3,2,0.2,0.6666666666666666,1,0.29802903255920904,0.04942632301410911,0.6818181818181818,DDX52,AdaPert
44,16,2,1,0.0625,0.5,1,0.20814153535298072,0.17515934681349132,0.5227272727272727,DDX54,AdaPert
44,21,2,2,0.09523809523809523,1.0,0,0.46880133610160307,0.001328521752541307,0.38636363636363635,DERL2,AdaPert
44,7,3,3,0.42857142857142855,1.0,0,0.4504537096225742,0.0021528367727689157,0.6363636363636364,DHX37,AdaPert
44,17,5,4,0.23529411764705882,0.8,1,0.5385033998001137,0.00016276816407290867,0.6136363636363636,DLD,AdaPert
44,8,5,0,0.0,0.0,5,0.3165673025237917,0.03629581305045592,0.5454545454545454,DNAJC8,AdaPert
44,9,5,2,0.2222222222222222,0.4,3,0.4844676931867484,0.0008609556500616904,0.6590909090909091,DNTTIP2,AdaPert
44,31,3,3,0.0967741935483871,1.0,0,0.593052564792135,2.213683367522897e-05,0.7954545454545454,DONSON,AdaPert
44,16,4,3,0.1875,0.75,1,-0.5094517227497087,0.0004124803798037591,0.20454545454545456,DPH2,AdaPert
44,24,1,1,0.041666666666666664,1.0,0,0.47656025358288684,0.0010744348248194224,0.4772727272727273,DYNC1H1,AdaPert
44,26,1,1,0.038461538461538464,1.0,0,0.5581630687169922,8.254230832279869e-05,0.5681818181818182,DYNLRB1,AdaPert
44,21,3,3,0.14285714285714285,1.0,0,0.44322393549599887,0.0025852930866788622,0.5909090909090909,E4F1,AdaPert
44,18,0,0,0.0,,0,0.2115793407624483,0.16798058519663928,0.5909090909090909,EBNA1BP2,AdaPert
44,20,9,5,0.25,0.5555555555555556,4,0.5472814549554837,0.00012082751756204558,0.5227272727272727,ECD,AdaPert
44,26,4,3,0.11538461538461539,0.75,1,0.6682989667994239,7.156374514648616e-07,0.7045454545454546,EIF2B3,AdaPert
44,33,6,6,0.18181818181818182,1.0,0,0.7500603971554927,4.612208837381327e-09,0.7727272727272727,EIF2S1,AdaPert
44,23,5,5,0.21739130434782608,1.0,0,0.7211962627619234,3.347295288877795e-08,0.7954545454545454,EIF3E,AdaPert
44,26,1,1,0.038461538461538464,1.0,0,0.4099901544533995,0.0057108571284424136,0.6590909090909091,EIF3F,AdaPert
44,22,3,3,0.13636363636363635,1.0,0,0.4373104583937879,0.0029941343997624465,0.5454545454545454,EIF3G,AdaPert
44,17,5,3,0.17647058823529413,0.6,2,0.20777551353966622,0.17593646280829728,0.38636363636363635,EIF3J,AdaPert
44,29,2,0,0.0,0.0,2,0.3164435979678194,0.036372818230978946,0.6818181818181818,EIF3M,AdaPert
44,20,1,1,0.05,1.0,0,0.3266642327839482,0.030447013129214655,0.3181818181818182,EIF5A,AdaPert
44,23,9,4,0.17391304347826086,0.4444444444444444,5,0.5267330265514295,0.0002396545020575888,0.7045454545454546,ELP5,AdaPert
44,21,4,4,0.19047619047619047,1.0,0,0.5001068237316606,0.0005467578632905462,0.5681818181818182,EXOC7,AdaPert
44,9,6,3,0.3333333333333333,0.5,3,0.3093798305923723,0.04099772174525178,0.6590909090909091,EXOSC10,AdaPert
44,20,6,4,0.2,0.6666666666666666,2,0.48504162759510316,0.0008470490539677876,0.4772727272727273,EXOSC2,AdaPert
44,20,2,2,0.1,1.0,0,0.3998545071077227,0.007162715640218387,0.4090909090909091,FAM50A,AdaPert
44,7,4,3,0.42857142857142855,0.75,1,0.3466587284210816,0.021151355636798954,0.5909090909090909,FASTKD5,AdaPert
44,10,4,3,0.3,0.75,1,0.32218800161081096,0.03293564336930711,0.6136363636363636,FCF1,AdaPert
44,31,2,2,0.06451612903225806,1.0,0,0.537398083542643,0.00016889305702014833,0.75,FTSJ3,AdaPert
44,19,3,2,0.10526315789473684,0.6666666666666666,1,0.5816308794021152,3.462978906780065e-05,0.75,GFER,AdaPert
44,11,6,2,0.18181818181818182,0.3333333333333333,4,0.4127381629434228,0.00536431342566337,0.5227272727272727,GFM1,AdaPert
44,17,1,1,0.058823529411764705,1.0,0,0.18636794479449614,0.2257870356790029,0.4772727272727273,GNL3,AdaPert
44,23,0,0,0.0,,0,0.3505928857364826,0.019636657257450292,0.6363636363636364,GNL3L,AdaPert
44,18,14,6,0.3333333333333333,0.42857142857142855,8,0.43715079590777933,0.003005919174461937,0.45454545454545453,GPKOW,AdaPert
44,26,3,3,0.11538461538461539,1.0,0,0.7200908431932221,3.593656832936133e-08,0.7954545454545454,GRPEL1,AdaPert
44,17,3,3,0.17647058823529413,1.0,0,0.6424767324182493,2.5801859905150186e-06,0.6136363636363636,GTF2E1,AdaPert
44,14,5,3,0.21428571428571427,0.6,2,0.5950198228829181,2.045943441584046e-05,0.5909090909090909,GTF2E2,AdaPert
44,12,10,5,0.4166666666666667,0.5,5,0.422351074990233,0.004291827692509831,0.45454545454545453,HAUS5,AdaPert
44,12,6,5,0.4166666666666667,0.8333333333333334,1,0.576830704402104,4.158778747738366e-05,0.6818181818181818,HEATR1,AdaPert
44,26,7,7,0.2692307692307692,1.0,0,0.5043376549985251,0.0004817443210993208,0.5909090909090909,HGS,AdaPert
44,14,6,4,0.2857142857142857,0.6666666666666666,2,0.5926987443791192,2.2451568243714164e-05,0.7045454545454546,HIRA,AdaPert
44,10,7,2,0.2,0.2857142857142857,5,0.39694518751621527,0.0076343466321112385,0.6136363636363636,HNRNPH1,AdaPert
44,14,6,4,0.2857142857142857,0.6666666666666666,2,0.2859988700309726,0.05983463793649952,0.3181818181818182,HNRNPM,AdaPert
44,20,8,3,0.15,0.375,5,0.153709087313675,0.319165403692264,0.2727272727272727,HNRNPU,AdaPert
44,19,5,3,0.15789473684210525,0.6,2,0.45530706436392615,0.00189964265387094,0.5681818181818182,HSCB,AdaPert
44,34,4,4,0.11764705882352941,1.0,0,0.5535533868668593,9.715867693579902e-05,0.7045454545454546,HSD17B12,AdaPert
44,18,9,3,0.16666666666666666,0.3333333333333333,6,0.36030280394569447,0.016284194567328256,0.36363636363636365,HSPA8,AdaPert
44,14,8,4,0.2857142857142857,0.5,4,0.49345882063024116,0.0006649101649532671,0.6590909090909091,HSPE1,AdaPert
44,28,3,3,0.10714285714285714,1.0,0,0.4592568673804221,0.0017134162186385963,0.5227272727272727,IGBP1,AdaPert
44,25,3,3,0.12,1.0,0,0.668932174230493,6.92393536523005e-07,0.7045454545454546,ISCU,AdaPert
44,9,3,2,0.2222222222222222,0.6666666666666666,1,0.22411630807881544,0.14360446227958237,0.6590909090909091,KRI1,AdaPert
44,26,8,7,0.2692307692307692,0.875,1,0.43745727150953917,0.0029833339002154,0.5454545454545454,LSM4,AdaPert
44,13,4,1,0.07692307692307693,0.25,3,0.4767436532168905,0.0010689928856297737,0.5454545454545454,MAGOH,AdaPert
44,29,2,2,0.06896551724137931,1.0,0,0.6251024612116317,5.730242147274747e-06,0.8181818181818182,MCM10,AdaPert
44,29,4,3,0.10344827586206896,0.75,1,0.38378914325808827,0.010117041829912857,0.7045454545454546,MCM3AP,AdaPert
44,16,0,0,0.0,,0,0.12966043350570552,0.401548180827019,0.5,MDN1,AdaPert
44,26,3,3,0.11538461538461539,1.0,0,0.4711024205426451,0.0012481082772676279,0.5227272727272727,MED20,AdaPert
44,6,4,3,0.5,0.75,1,0.42698921165080583,0.003845053655233489,0.6818181818181818,MED26,AdaPert
44,6,2,2,0.3333333333333333,1.0,0,0.38447812575679524,0.00997166992693888,0.5227272727272727,MED31,AdaPert
44,23,2,2,0.08695652173913043,1.0,0,0.5327582495329908,0.00019694752065464892,0.5454545454545454,MED8,AdaPert
44,29,19,15,0.5172413793103449,0.7894736842105263,4,0.5134505525459361,0.00036471090757287446,0.6136363636363636,MFAP1,AdaPert
44,15,5,0,0.0,0.0,5,0.35962622993735127,0.016500929803858828,0.6590909090909091,MRPL18,AdaPert
44,13,1,0,0.0,0.0,1,0.38142917592630515,0.010628846380681558,0.75,MRPL3,AdaPert
44,15,1,0,0.0,0.0,1,0.3210506439534323,0.033594024582518575,0.6136363636363636,MRPL32,AdaPert
44,8,4,0,0.0,0.0,4,0.26957118051051715,0.07679763086362995,0.6136363636363636,MRPL38,AdaPert
44,21,2,0,0.0,0.0,2,0.33042003457961067,0.028480912797029113,0.6818181818181818,MRPL4,AdaPert
44,8,3,0,0.0,0.0,3,0.134957696691425,0.38242211578839597,0.5909090909090909,MRPL49,AdaPert
44,12,1,0,0.0,0.0,1,0.41436823629198966,0.005167516430738136,0.7045454545454546,MRPL50,AdaPert
44,10,2,0,0.0,0.0,2,0.4505837989280897,0.0021456795251484596,0.6818181818181818,MRPL54,AdaPert
44,13,5,4,0.3076923076923077,0.8,1,0.10283333090057789,0.5065325832519164,0.5227272727272727,MRPS11,AdaPert
44,10,0,0,0.0,,0,0.11656308524713002,0.45114516878483935,0.5227272727272727,MRPS14,AdaPert
44,10,6,0,0.0,0.0,6,0.060148567919192035,0.6981300252872196,0.5,MRPS18A,AdaPert
44,8,7,2,0.25,0.2857142857142857,5,0.24218471793185614,0.11321522297935883,0.5454545454545454,MRPS24,AdaPert
44,16,5,2,0.125,0.4,3,0.34276133936537045,0.02274741246962445,0.6818181818181818,MRPS26,AdaPert
44,19,0,0,0.0,,0,0.17993325404659605,0.24250401816227224,0.5,MRPS27,AdaPert
44,3,2,0,0.0,0.0,2,-0.06241621179094219,0.6873189229819829,0.6363636363636364,MTPAP,AdaPert
44,12,5,4,0.3333333333333333,0.8,1,0.21733307874389304,0.15644615797085512,0.6590909090909091,MZT1,AdaPert
44,13,2,2,0.15384615384615385,1.0,0,0.44615065817531485,0.002401784943157985,0.5681818181818182,NAA15,AdaPert
44,31,2,2,0.06451612903225806,1.0,0,0.4638532162332703,0.0015172143794486385,0.6363636363636364,NARS,AdaPert
44,30,2,2,0.06666666666666667,1.0,0,0.6027714737137398,1.4922159853420272e-05,0.7727272727272727,NBAS,AdaPert
44,26,3,3,0.11538461538461539,1.0,0,0.5600677461036851,7.711071569202878e-05,0.5681818181818182,NCAPH,AdaPert
44,28,1,1,0.03571428571428571,1.0,0,0.5346350594963655,0.00018512770825761184,0.5,NDC80,AdaPert
44,10,14,3,0.3,0.21428571428571427,11,0.1941245903005948,0.20671184741538665,0.3181818181818182,NDUFA8,AdaPert
44,12,0,0,0.0,,0,0.275005700407895,0.07081233926500917,0.6363636363636364,NEDD1,AdaPert
44,15,7,3,0.2,0.42857142857142855,4,0.47201866214108956,0.001217314352750615,0.6363636363636364,NELFA,AdaPert
44,12,7,5,0.4166666666666667,0.7142857142857143,2,0.09655182299559839,0.5329730076274818,0.5,NFRKB,AdaPert
44,12,3,3,0.25,1.0,0,0.23346366731246904,0.12720805933616441,0.5681818181818182,NOL6,AdaPert
44,10,4,3,0.3,0.75,1,0.05254423674740856,0.7348061238830248,0.5454545454545454,NOP10,AdaPert
44,24,1,1,0.041666666666666664,1.0,0,0.4142541147339865,0.0051810866180745305,0.6363636363636364,NRBP1,AdaPert
44,26,2,2,0.07692307692307693,1.0,0,0.3140514143497816,0.037888511264991626,0.5227272727272727,NSA2,AdaPert
44,19,1,1,0.05263157894736842,1.0,0,0.5015256697027501,0.0005241272040804887,0.5454545454545454,NUBP1,AdaPert
44,14,2,2,0.14285714285714285,1.0,0,0.3618332635220474,0.015802801420176534,0.5227272727272727,NUDC,AdaPert
44,17,6,4,0.23529411764705882,0.6666666666666666,2,0.5673772513881814,5.9152469031391476e-05,0.5909090909090909,NUP54,AdaPert
44,20,8,5,0.25,0.625,3,0.4968275269482145,0.0006024523578919835,0.6590909090909091,NUTF2,AdaPert
44,17,3,2,0.11764705882352941,0.6666666666666666,1,0.6687638468046588,6.985032230492504e-07,0.8409090909090909,OGFOD1,AdaPert
44,12,5,3,0.25,0.6,2,0.5340424364778523,0.0001887886305767481,0.6818181818181818,OPA1,AdaPert
44,20,2,2,0.1,1.0,0,0.29861427349617725,0.04895996139538261,0.45454545454545453,ORC5,AdaPert
44,25,7,4,0.16,0.5714285714285714,3,0.463023583197445,0.0015510794951189492,0.6818181818181818,OXA1L,AdaPert
44,32,4,4,0.125,1.0,0,0.7357841058845479,1.269165459622569e-08,0.7954545454545454,PAM16,AdaPert
44,6,2,2,0.3333333333333333,1.0,0,0.40063333310229216,0.00704081929997539,0.22727272727272727,PCF11,AdaPert
44,8,1,0,0.0,0.0,1,-0.008131372270621658,0.9582215518505734,0.75,PDCD2,AdaPert
44,5,4,0,0.0,0.0,4,0.19340498092202435,0.2084324770702636,0.6590909090909091,PET117,AdaPert
44,20,3,3,0.15,1.0,0,0.5212994939839847,0.00028516280649204274,0.5681818181818182,PGPEP1,AdaPert
44,25,13,9,0.36,0.6923076923076923,4,0.6563862997491692,1.3128893527956546e-06,0.5909090909090909,PHF5A,AdaPert
44,19,1,1,0.05263157894736842,1.0,0,0.4542239358120196,0.001953742475364787,0.4090909090909091,PIAS4,AdaPert
44,32,5,5,0.15625,1.0,0,0.7350722379925703,1.332613623236443e-08,0.8636363636363636,POLA1,AdaPert
44,34,2,2,0.058823529411764705,1.0,0,0.6612094562805253,1.0302375313539024e-06,0.8181818181818182,POLD2,AdaPert
44,31,2,2,0.06451612903225806,1.0,0,0.6439630654361337,2.4043561445411418e-06,0.8181818181818182,POLE,AdaPert
44,8,4,2,0.25,0.5,2,0.3388755027714493,0.024437909419735646,0.6136363636363636,POLR1E,AdaPert
44,11,4,3,0.2727272727272727,0.75,1,0.5837260943618638,3.194093608705806e-05,0.4318181818181818,POLR2E,AdaPert
44,12,5,5,0.4166666666666667,1.0,0,0.6558978443742114,1.3452000107656613e-06,0.5909090909090909,POLR2F,AdaPert
44,18,1,1,0.05555555555555555,1.0,0,0.2973943224410833,0.04993615765958662,0.4090909090909091,POLR3B,AdaPert
44,12,1,1,0.08333333333333333,1.0,0,-0.022578209949924613,0.8843368008213494,0.4090909090909091,POLR3C,AdaPert
44,17,3,3,0.17647058823529413,1.0,0,0.26959086535350224,0.07677525595729896,0.4318181818181818,POLR3D,AdaPert
44,17,2,2,0.11764705882352941,1.0,0,0.1060522368658256,0.4932459501638934,0.5,POLR3F,AdaPert
44,6,0,0,0.0,,0,0.19622249353800023,0.2017524227337044,0.4772727272727273,POP4,AdaPert
44,6,1,0,0.0,0.0,1,-0.17398541096276726,0.25868483486081134,0.4318181818181818,PPP1R11,AdaPert
44,7,15,7,1.0,0.4666666666666667,8,0.4425468406004399,0.0026294664545223646,0.6363636363636364,PPP4R2,AdaPert
44,21,3,3,0.14285714285714285,1.0,0,0.3618647399979207,0.015793028729206633,0.4090909090909091,PRELID1,AdaPert
44,33,12,10,0.30303030303030304,0.8333333333333334,2,0.5639113602200149,6.712842956928279e-05,0.5909090909090909,PRPF3,AdaPert
44,30,9,7,0.23333333333333334,0.7777777777777778,2,0.5107437699908072,0.00039646385139983003,0.5454545454545454,PRPF31,AdaPert
44,9,4,4,0.4444444444444444,1.0,0,0.5370263064760226,0.00017099964225743248,0.5909090909090909,PRPF4B,AdaPert
44,24,14,9,0.375,0.6428571428571429,5,0.5936842480723816,2.1584966696951155e-05,0.6363636363636364,PRPF8,AdaPert
44,20,10,5,0.25,0.5,5,0.5977076377666389,1.835574309802893e-05,0.75,PSMA2,AdaPert
44,19,10,5,0.2631578947368421,0.5,5,0.4759893559144218,0.0010915331957204945,0.6363636363636364,PSMA3,AdaPert
44,16,8,4,0.25,0.5,4,0.438602723834406,0.002900236411706319,0.5909090909090909,PSMA6,AdaPert
44,18,8,5,0.2777777777777778,0.625,3,0.5773505236222739,4.0776981599385356e-05,0.7954545454545454,PSMB1,AdaPert
44,29,1,1,0.034482758620689655,1.0,0,0.6198017636050132,7.240169047908869e-06,0.75,PSMD1,AdaPert
44,37,7,7,0.1891891891891892,1.0,0,0.646255574165744,2.154754200763225e-06,0.8409090909090909,PSMD4,AdaPert
44,29,5,5,0.1724137931034483,1.0,0,0.576547870075111,4.2035110305213754e-05,0.7272727272727273,PSMD7,AdaPert
44,12,0,0,0.0,,0,0.2977679310917867,0.04963554246335322,0.5909090909090909,PTCD1,AdaPert
44,11,20,5,0.45454545454545453,0.25,15,0.29771982514924733,0.04967416751305163,0.5454545454545454,PUF60,AdaPert
44,6,3,2,0.3333333333333333,0.6666666666666666,1,0.16063936927281033,0.2975650618012595,0.5681818181818182,PWP2,AdaPert
44,25,3,3,0.12,1.0,0,0.5570508217242169,8.587293220381668e-05,0.5909090909090909,QARS,AdaPert
44,20,9,4,0.2,0.4444444444444444,5,0.16083001195023117,0.2969845049934206,0.3409090909090909,RARS2,AdaPert
44,9,4,4,0.4444444444444444,1.0,0,0.6663166014467186,7.93169846044389e-07,0.75,RBM19,AdaPert
44,19,4,3,0.15789473684210525,0.75,1,0.3078207006331857,0.0420806314971217,0.5,RBM28,AdaPert
44,14,8,3,0.21428571428571427,0.375,5,0.5050193520807139,0.0004719450320959101,0.45454545454545453,RBM39,AdaPert
44,19,10,5,0.2631578947368421,0.5,5,0.2651739222340079,0.08192554237614268,0.38636363636363635,RBM42,AdaPert
44,20,2,2,0.1,1.0,0,0.3894612204673214,0.0089726415574885,0.75,RBX1,AdaPert
44,16,6,4,0.25,0.6666666666666666,2,0.22633646496719026,0.13957552359917272,0.38636363636363635,RCC1,AdaPert
44,33,2,2,0.06060606060606061,1.0,0,0.6783957209369699,4.1866503362760865e-07,0.8636363636363636,RFC3,AdaPert
44,33,2,2,0.06060606060606061,1.0,0,0.657178069883291,1.2620375969368948e-06,0.7954545454545454,RFC4,AdaPert
44,6,5,3,0.5,0.6,2,0.45799240593742163,0.0017711911557588011,0.6818181818181818,RIOK1,AdaPert
44,12,7,5,0.4166666666666667,0.7142857142857143,2,0.3784609947465682,0.011303917863337253,0.29545454545454547,RNF40,AdaPert
44,12,3,3,0.25,1.0,0,0.2139712667185841,0.16311301561812333,0.5909090909090909,RNGTT,AdaPert
44,15,6,3,0.2,0.5,3,0.36994121551264364,0.01344891502358584,0.6818181818181818,RNMT,AdaPert
44,20,1,1,0.05,1.0,0,0.2749499896843516,0.07087176806877567,0.5681818181818182,RPF1,AdaPert
44,20,4,4,0.2,1.0,0,0.6314869080044639,4.29839341239899e-06,0.7045454545454546,RPL10,AdaPert
44,24,2,2,0.08333333333333333,1.0,0,0.4178235749750488,0.0047710312644901175,0.6136363636363636,RPL10A,AdaPert
44,24,6,6,0.25,1.0,0,0.522219296670453,0.0002769491898515739,0.6363636363636364,RPL11,AdaPert
44,18,3,3,0.16666666666666666,1.0,0,0.6450647484940757,2.2812502282442288e-06,0.7272727272727273,RPL13,AdaPert
44,22,4,4,0.18181818181818182,1.0,0,0.649391690597818,1.8519823126165168e-06,0.75,RPL18,AdaPert
44,18,2,2,0.1111111111111111,1.0,0,0.4685587809083311,0.0013372606623472346,0.6136363636363636,RPL35A,AdaPert
44,20,5,5,0.25,1.0,0,0.6125965136688191,9.882532179412933e-06,0.6363636363636364,RPL8,AdaPert
44,20,8,8,0.4,1.0,0,0.6114544753614527,1.0374792991380884e-05,0.6818181818181818,RPL9,AdaPert
44,10,5,5,0.5,1.0,0,0.33722381076621327,0.025187580030058318,0.6136363636363636,RPP14,AdaPert
44,10,3,1,0.1,0.3333333333333333,2,0.394620170346953,0.008030308757972325,0.6590909090909091,RPS14,AdaPert
44,10,5,4,0.4,0.8,1,0.42683907002018806,0.0038588521536354605,0.6363636363636364,RPS19,AdaPert
44,8,4,2,0.25,0.5,2,0.32223395963210066,0.03290926505994275,0.6590909090909091,RPS21,AdaPert
44,14,3,2,0.14285714285714285,0.6666666666666666,1,0.5546739462610875,9.340398479174094e-05,0.75,RPS23,AdaPert
44,12,2,1,0.08333333333333333,0.5,1,0.4336576319901541,0.0032741580908759015,0.7045454545454546,RPS26,AdaPert
44,14,1,0,0.0,0.0,1,0.5645331861643056,6.562900206773249e-05,0.75,RPS5,AdaPert
44,15,3,3,0.2,1.0,0,0.5600081593113779,7.727558412092427e-05,0.6818181818181818,RPS6,AdaPert
44,7,1,1,0.14285714285714285,1.0,0,0.11174890120887089,0.4701804424477165,0.5,RRN3,AdaPert
44,7,5,3,0.42857142857142855,0.6,2,0.46148773904186574,0.0016155454519893907,0.6818181818181818,RRP7A,AdaPert
44,5,4,2,0.4,0.5,2,0.3906154098985631,0.008753940889912784,0.5227272727272727,SAP18,AdaPert
44,21,6,2,0.09523809523809523,0.3333333333333333,4,0.19244189669009168,0.21075088896951155,0.38636363636363635,SART3,AdaPert
44,33,2,2,0.06060606060606061,1.0,0,0.5318741681422126,0.00020274844855459623,0.7045454545454546,SCAF1,AdaPert
44,29,9,9,0.3103448275862069,1.0,0,0.550683130314461,0.00010741043258705677,0.5909090909090909,SCFD1,AdaPert
44,9,10,4,0.4444444444444444,0.4,6,0.4786470305860356,0.0010139481732397585,0.5,SDC1,AdaPert
44,17,8,2,0.11764705882352941,0.25,6,0.4516630840993132,0.0020871053589703622,0.4090909090909091,SEC13,AdaPert
44,27,11,9,0.3333333333333333,0.8181818181818182,2,0.6136489512792809,9.44800513771284e-06,0.6818181818181818,SF3A2,AdaPert
44,27,12,8,0.2962962962962963,0.6666666666666666,4,0.5030338369649809,0.0005009970865206155,0.38636363636363635,SF3B2,AdaPert
44,29,4,4,0.13793103448275862,1.0,0,0.4814789430774176,0.000936723398661581,0.36363636363636365,SF3B3,AdaPert
44,16,5,5,0.3125,1.0,0,0.28951932544511505,0.05662221120278747,0.2727272727272727,SFPQ,AdaPert
44,8,15,4,0.5,0.26666666666666666,11,0.44743153732269586,0.0023251546726753827,0.5681818181818182,SFSWAP,AdaPert
44,13,2,2,0.15384615384615385,1.0,0,0.45542166132694034,0.0018939970694259781,0.3181818181818182,SIN3A,AdaPert
44,31,13,9,0.2903225806451613,0.6923076923076923,4,0.42382978018280243,0.004144704765703913,0.4772727272727273,SLU7,AdaPert
44,18,8,5,0.2777777777777778,0.625,3,0.6867692553840684,2.641102544370456e-07,0.6136363636363636,SMC4,AdaPert
44,8,9,1,0.125,0.1111111111111111,8,0.4370477489496086,0.0030135467533329353,0.6136363636363636,SMG5,AdaPert
44,18,3,3,0.16666666666666666,1.0,0,0.45375937145690926,0.0019773609253820896,0.6590909090909091,SNAPC3,AdaPert
44,33,6,5,0.15151515151515152,0.8333333333333334,1,0.5818873687121192,3.42898610701965e-05,0.6136363636363636,SNRNP200,AdaPert
44,1,12,0,0.0,0.0,12,0.11680589974216034,0.45019635441318023,0.5681818181818182,SNRNP27,AdaPert
44,15,4,3,0.2,0.75,1,0.524589616513278,0.0002567578333468496,0.4318181818181818,SNRNP48,AdaPert
44,24,14,8,0.3333333333333333,0.5714285714285714,6,0.6162032820782496,8.465444589457601e-06,0.4772727272727273,SNRPD1,AdaPert
44,26,15,8,0.3076923076923077,0.5333333333333333,7,0.5739731380479359,4.631408913225479e-05,0.4772727272727273,SNRPE,AdaPert
44,29,8,7,0.2413793103448276,0.875,1,0.726256309713278,2.4078364538397824e-08,0.7045454545454546,SNRPG,AdaPert
44,36,2,2,0.05555555555555555,1.0,0,0.5690695166249542,5.5581043676707266e-05,0.6136363636363636,SON,AdaPert
44,26,1,1,0.038461538461538464,1.0,0,0.5296520200146109,0.00021801795359037527,0.5,SPC25,AdaPert
44,18,4,4,0.2222222222222222,1.0,0,0.5342999932239885,0.0001871895999683536,0.7727272727272727,SPCS3,AdaPert
44,24,1,1,0.041666666666666664,1.0,0,0.6689489189210257,6.917884824444513e-07,0.5909090909090909,SRBD1,AdaPert
44,8,6,2,0.25,0.3333333333333333,4,0.1912293448116818,0.21369532420536153,0.6363636363636364,SRFBP1,AdaPert
44,16,2,2,0.125,1.0,0,0.5054973699261048,0.0004651808252623571,0.4318181818181818,SRP68,AdaPert
44,13,4,3,0.23076923076923078,0.75,1,0.5001420695829463,0.0005461852365669958,0.6590909090909091,SRRM1,AdaPert
44,16,5,3,0.1875,0.6,2,0.5451861546731432,0.00012983162859573217,0.5227272727272727,SSRP1,AdaPert
44,16,2,1,0.0625,0.5,1,0.19210462859924324,0.21156702102516037,0.75,SUGT1,AdaPert
44,22,2,2,0.09090909090909091,1.0,0,0.22211067578046828,0.14731742797482572,0.45454545454545453,SURF6,AdaPert
44,14,2,2,0.14285714285714285,1.0,0,0.4370648638864685,0.00301227872186448,0.5909090909090909,TAF10,AdaPert
44,9,2,2,0.2222222222222222,1.0,0,0.22415204330613064,0.14353893995190367,0.5227272727272727,TAF6,AdaPert
44,6,4,4,0.6666666666666666,1.0,0,0.15360697627349684,0.3194908744582431,0.5,TBL3,AdaPert
44,24,3,2,0.08333333333333333,0.6666666666666666,1,0.5433487439487622,0.00013822409293173774,0.5454545454545454,TCP1,AdaPert
44,27,0,0,0.0,,0,0.2660915987892255,0.08083387386065202,0.5454545454545454,TEX10,AdaPert
44,23,4,3,0.13043478260869565,0.75,1,0.4637143903044487,0.001522835047366298,0.4772727272727273,THOC7,AdaPert
44,10,2,1,0.1,0.5,1,0.24255286235120074,0.11265136981833374,0.6590909090909091,TRMT10C,AdaPert
44,11,2,2,0.18181818181818182,1.0,0,0.5185030132582649,0.00031150257928462164,0.5909090909090909,TRMT5,AdaPert
44,6,2,1,0.16666666666666666,0.5,1,0.29410215531557243,0.052649195383161825,0.6590909090909091,TSEN2,AdaPert
44,9,4,3,0.3333333333333333,0.75,1,0.38059728016682753,0.010814471224496629,0.5454545454545454,TSR1,AdaPert
44,11,4,3,0.2727272727272727,0.75,1,0.4683619646771825,0.0013443891713110227,0.7045454545454546,TSR2,AdaPert
44,16,2,1,0.0625,0.5,1,-0.19723117129636725,0.19939792384094882,0.29545454545454547,TTC27,AdaPert
44,31,2,2,0.06451612903225806,1.0,0,0.2998349537939377,0.04799868866026352,0.6590909090909091,TXN,AdaPert
44,24,4,4,0.16666666666666666,1.0,0,0.563300501587138,6.863174515553168e-05,0.5227272727272727,U2AF1,AdaPert
44,9,4,3,0.3333333333333333,0.75,1,0.34427801022706445,0.022114718307436134,0.4318181818181818,UQCRB,AdaPert
44,4,5,0,0.0,0.0,5,-0.12923044950186774,0.40312454709742684,0.4090909090909091,USP36,AdaPert
44,10,4,4,0.4,1.0,0,0.26211514844682043,0.08564765372058786,0.5681818181818182,UTP3,AdaPert
44,11,5,4,0.36363636363636365,0.8,1,0.27494470718765224,0.07087740515921738,0.38636363636363635,VPS29,AdaPert
44,32,4,3,0.09375,0.75,1,0.5768108219339976,4.1619090320654096e-05,0.6818181818181818,VPS54,AdaPert
44,3,5,2,0.6666666666666666,0.4,3,-0.1710420967294805,0.2669526767175298,0.4772727272727273,VPS72,AdaPert
44,31,10,8,0.25806451612903225,0.8,2,0.28974386765357657,0.0564221034215768,0.5,WBP11,AdaPert
44,18,4,2,0.1111111111111111,0.5,2,0.5319290962526263,0.00020238358147530656,0.75,WDHD1,AdaPert
44,22,1,1,0.045454545454545456,1.0,0,0.3915091488935365,0.008587759035161948,0.6136363636363636,WDR12,AdaPert
44,8,4,1,0.125,0.25,3,0.5119649738339662,0.000381842324967964,0.6818181818181818,WDR3,AdaPert
44,8,6,4,0.5,0.6666666666666666,2,0.6043815253979968,1.3960851961827514e-05,0.7727272727272727,WDR43,AdaPert
44,10,7,3,0.3,0.42857142857142855,4,-0.14240002447263508,0.35647999206657444,0.45454545454545453,WDR5,AdaPert
44,20,13,5,0.25,0.38461538461538464,8,0.4119939536711209,0.005456307767129651,0.38636363636363635,WDR70,AdaPert
44,30,4,4,0.13333333333333333,1.0,0,0.5153884343190775,0.00034340486986693397,0.6363636363636364,WDR82,AdaPert
44,26,24,18,0.6923076923076923,0.75,6,0.6629717405223324,9.418746465536141e-07,0.75,WDTC1,AdaPert
44,21,9,5,0.23809523809523808,0.5555555555555556,4,0.3673749619429651,0.01415930801384239,0.6363636363636364,XPO1,AdaPert
44,20,4,3,0.15,0.75,1,0.21489436960723945,0.16126218341603046,0.38636363636363635,XRCC6,AdaPert
44,16,19,9,0.5625,0.47368421052631576,10,0.41723987392770334,0.0048360852193913215,0.8636363636363636,YEATS2,AdaPert
44,5,2,2,0.4,1.0,0,0.32586289997338497,0.030880715780940787,0.5909090909090909,ZBTB17,AdaPert
44,17,4,3,0.17647058823529413,0.75,1,0.09051443044767428,0.5590039094718481,0.2727272727272727,ZCRB1,AdaPert
44,1,7,0,0.0,0.0,7,0.1357662087200603,0.37955107222516304,0.5227272727272727,ZNF335,AdaPert
44,4,6,2,0.5,0.3333333333333333,4,-0.011965240450336664,0.9385549467908785,0.5454545454545454,ZNHIT6,AdaPert
44,6,2,0,0.0,0.0,2,0.2544322181572426,0.09557792997769618,0.4090909090909091,ACTR8,TxPert
44,9,2,2,0.2222222222222222,1.0,0,0.3387443551146474,0.024496745727477596,0.5,ALG13,TxPert
44,16,1,1,0.0625,1.0,0,-0.3723512999444274,0.012809613861196108,0.20454545454545456,ANKRD11,TxPert
44,32,1,1,0.03125,1.0,0,0.6628748053466769,9.465464139432318e-07,0.8181818181818182,AP2S1,TxPert
44,15,1,0,0.0,0.0,1,-0.3134791588588001,0.038258663156523494,0.38636363636363635,ARGLU1,TxPert
44,31,1,1,0.03225806451612903,1.0,0,0.5885085367007106,2.650396553319832e-05,0.7272727272727273,ARIH1,TxPert
44,7,1,1,0.14285714285714285,1.0,0,0.3772562218148321,0.011588211148520757,0.4318181818181818,ARPC4,TxPert
44,36,5,4,0.1111111111111111,0.8,1,0.6187934765049203,7.565883095088878e-06,0.7727272727272727,ATP6AP1,TxPert
44,14,2,2,0.14285714285714285,1.0,0,0.46840691410164864,0.0013427581742488362,0.45454545454545453,BGLAP,TxPert
44,7,3,3,0.42857142857142855,1.0,0,0.23354148621074233,0.1270777186048466,0.5681818181818182,BMS1,TxPert
44,25,3,3,0.12,1.0,0,0.3685467412956105,0.013831073413840198,0.5909090909090909,BRIX1,TxPert
44,3,5,2,0.6666666666666666,0.4,3,0.2891116351395664,0.05698699171456928,0.5681818181818182,BYSL,TxPert
44,11,4,4,0.36363636363636365,1.0,0,0.39491364642671256,0.007979371093889012,0.4318181818181818,C1QBP,TxPert
44,21,3,3,0.14285714285714285,1.0,0,0.3648058449581706,0.014902200578112139,0.5,CCDC86,TxPert
44,18,8,5,0.2777777777777778,0.625,3,0.4022537964538904,0.006792935745536176,0.5227272727272727,CDC123,TxPert
44,15,9,5,0.3333333333333333,0.5555555555555556,4,0.4605152559059976,0.0016575827102027045,0.5681818181818182,CDC23,TxPert
44,19,9,2,0.10526315789473684,0.2222222222222222,7,0.5230590472327782,0.00026963754604968527,0.29545454545454547,CDC40,TxPert
44,21,15,8,0.38095238095238093,0.5333333333333333,7,0.5206806475651299,0.00029081198955074167,0.5681818181818182,CENPC,TxPert
44,12,1,1,0.08333333333333333,1.0,0,0.460352482374374,0.0016647128067983454,0.4318181818181818,CENPE,TxPert
44,13,1,1,0.07692307692307693,1.0,0,0.4010210451352205,0.0069808093638171,0.5909090909090909,CHERP,TxPert
44,36,13,13,0.3611111111111111,1.0,0,0.7409787735459272,8.848204108543123e-09,0.8409090909090909,CHMP6,TxPert
44,21,1,1,0.047619047619047616,1.0,0,0.5418848188939099,0.0001452596246957434,0.7272727272727273,CNIH4,TxPert
44,24,2,2,0.08333333333333333,1.0,0,0.5426563001951573,0.0001415124614304015,0.7272727272727273,COG2,TxPert
44,16,2,2,0.125,1.0,0,0.5641327739831118,6.659098579898014e-05,0.5909090909090909,CPSF3,TxPert
44,10,1,1,0.1,1.0,0,0.4147105832554368,0.005126993447766322,0.20454545454545456,CPSF4,TxPert
44,22,5,5,0.22727272727272727,1.0,0,0.39484287945030694,0.007991628307022474,0.3181818181818182,CSTF1,TxPert
44,12,3,2,0.16666666666666666,0.6666666666666666,1,0.35354036536957023,0.01856259128073504,0.29545454545454547,CSTF3,TxPert
44,16,0,0,0.0,,0,0.5169775513734935,0.0003267775335072152,0.7272727272727273,CTR9,TxPert
44,12,8,3,0.25,0.375,5,0.26379035041657667,0.0835931843063251,0.5,CUL1,TxPert
44,25,8,4,0.16,0.5,4,0.5104831739841148,0.00039964845741830815,0.5454545454545454,CWC15,TxPert
44,22,11,7,0.3181818181818182,0.6363636363636364,4,0.5792936758728439,3.7872353286149215e-05,0.6363636363636364,CWC22,TxPert
44,15,3,3,0.2,1.0,0,0.5182230566176834,0.00031425668311406754,0.75,DAD1,TxPert
44,28,2,2,0.07142857142857142,1.0,0,0.181948779629829,0.23718003411176575,0.11363636363636363,DBR1,TxPert
44,12,2,2,0.16666666666666666,1.0,0,0.40500028691939577,0.0063900396480543655,0.5,DDOST,TxPert
44,29,1,1,0.034482758620689655,1.0,0,0.24105811229023352,0.11495405735836273,0.13636363636363635,DDX41,TxPert
44,4,2,0,0.0,0.0,2,0.3186327293974848,0.03502975714766402,0.5227272727272727,DDX49,TxPert
44,8,1,1,0.125,1.0,0,-0.2888545046612604,0.05721802611596565,0.45454545454545453,DDX5,TxPert
44,10,2,2,0.2,1.0,0,0.3810002639331316,0.010724207720989157,0.7045454545454546,DDX52,TxPert
44,16,3,2,0.125,0.6666666666666666,1,0.27719717532229193,0.0685056842505526,0.5,DDX54,TxPert
44,21,3,2,0.09523809523809523,0.6666666666666666,1,0.47805562206965907,0.001030774374034598,0.38636363636363635,DERL2,TxPert
44,7,4,3,0.42857142857142855,0.75,1,0.3944016207515279,0.008068423677359418,0.5909090909090909,DHX37,TxPert
44,17,2,2,0.11764705882352941,1.0,0,0.5776455468784267,4.0323260456741806e-05,0.6590909090909091,DLD,TxPert
44,8,3,0,0.0,0.0,3,0.38741014431735515,0.009372899876392575,0.5909090909090909,DNAJC8,TxPert
44,9,2,2,0.2222222222222222,1.0,0,0.5130394111951863,0.000369381443450568,0.6818181818181818,DNTTIP2,TxPert
44,31,4,4,0.12903225806451613,1.0,0,0.6070313059357652,1.2501783906869695e-05,0.8181818181818182,DONSON,TxPert
44,16,1,1,0.0625,1.0,0,-0.5802432037945825,3.652293213023707e-05,0.1590909090909091,DPH2,TxPert
44,24,12,9,0.375,0.75,3,0.47149431946840314,0.0012348531650465716,0.4318181818181818,DYNC1H1,TxPert
44,26,3,2,0.07692307692307693,0.6666666666666666,1,0.5051570909492095,0.00046998694712519455,0.5454545454545454,DYNLRB1,TxPert
44,21,5,4,0.19047619047619047,0.8,1,0.4453991380370274,0.0024477748178309724,0.5909090909090909,E4F1,TxPert
44,18,6,5,0.2777777777777778,0.8333333333333334,1,0.30855248470962576,0.04156949432793295,0.5227272727272727,EBNA1BP2,TxPert
44,20,3,3,0.15,1.0,0,0.5088535401588334,0.0004200908340915426,0.5,ECD,TxPert
44,26,3,3,0.11538461538461539,1.0,0,0.7037323198891698,9.89836210757514e-08,0.75,EIF2B3,TxPert
44,33,3,3,0.09090909090909091,1.0,0,0.7393531539383957,9.914612392259929e-09,0.7954545454545454,EIF2S1,TxPert
44,23,3,3,0.13043478260869565,1.0,0,0.34897143240104056,0.020249494203928464,0.5,EIF3E,TxPert
44,26,3,3,0.11538461538461539,1.0,0,0.38001277607343165,0.010946549027897694,0.4090909090909091,EIF3F,TxPert
44,22,6,5,0.22727272727272727,0.8333333333333334,1,0.39264732626904386,0.008380065466755005,0.4772727272727273,EIF3G,TxPert
44,17,3,2,0.11764705882352941,0.6666666666666666,1,0.2528267373813616,0.09776096988285642,0.4090909090909091,EIF3J,TxPert
44,29,4,4,0.13793103448275862,1.0,0,0.42093700580748855,0.004436766573129952,0.38636363636363635,EIF3M,TxPert
44,20,2,2,0.1,1.0,0,0.4265118233421822,0.0038890774373155834,0.3181818181818182,EIF5A,TxPert
44,23,9,6,0.2608695652173913,0.6666666666666666,3,0.383492996960641,0.010180083734579452,0.4772727272727273,ELP5,TxPert
44,21,4,3,0.14285714285714285,0.75,1,0.36854388633899937,0.013831865198031942,0.5681818181818182,EXOC7,TxPert
44,9,6,3,0.3333333333333333,0.5,3,0.3695564493482041,0.013553451851536667,0.7045454545454546,EXOSC10,TxPert
44,20,5,4,0.2,0.8,1,0.44971964304455775,0.002193620192193083,0.4090909090909091,EXOSC2,TxPert
44,20,2,2,0.1,1.0,0,0.3643092750669165,0.015049541296031107,0.4090909090909091,FAM50A,TxPert
44,7,2,1,0.14285714285714285,0.5,1,0.06093815578626471,0.6943587925944352,0.5909090909090909,FASTKD5,TxPert
44,10,4,2,0.2,0.5,2,0.28971728027896476,0.056445767938162764,0.5909090909090909,FCF1,TxPert
44,31,2,2,0.06451612903225806,1.0,0,0.527010843855442,0.0002375147341846064,0.75,FTSJ3,TxPert
44,19,7,5,0.2631578947368421,0.7142857142857143,2,0.5673162506500913,5.928503015269962e-05,0.75,GFER,TxPert
44,11,3,2,0.18181818181818182,0.6666666666666666,1,0.30417766404518104,0.04470202457771553,0.5909090909090909,GFM1,TxPert
44,17,6,5,0.29411764705882354,0.8333333333333334,1,0.28600028895950125,0.05983331442942279,0.4772727272727273,GNL3,TxPert
44,23,5,4,0.17391304347826086,0.8,1,0.36548734703308466,0.014701982269524367,0.5,GNL3L,TxPert
44,18,12,6,0.3333333333333333,0.5,6,0.4920166577673113,0.0006933769040997759,0.4318181818181818,GPKOW,TxPert
44,26,3,3,0.11538461538461539,1.0,0,0.613315231321669,9.583849083511457e-06,0.7272727272727273,GRPEL1,TxPert
44,17,3,3,0.17647058823529413,1.0,0,0.6117823654316683,1.0231201814238881e-05,0.5909090909090909,GTF2E1,TxPert
44,14,3,2,0.14285714285714285,0.6666666666666666,1,0.5463625393390514,0.00012470412630433177,0.4772727272727273,GTF2E2,TxPert
44,12,6,3,0.25,0.5,3,0.40171458743069294,0.006874566578063113,0.4090909090909091,HAUS5,TxPert
44,12,6,5,0.4166666666666667,0.8333333333333334,1,0.5136560443009694,0.0003623965288642095,0.6590909090909091,HEATR1,TxPert
44,26,1,1,0.038461538461538464,1.0,0,0.5800693405117907,3.676668094941858e-05,0.6136363636363636,HGS,TxPert
44,14,2,2,0.14285714285714285,1.0,0,0.5083572751521983,0.00042650023039539977,0.6818181818181818,HIRA,TxPert
44,10,6,3,0.3,0.5,3,0.4618886331022602,0.0015984931184615026,0.6136363636363636,HNRNPH1,TxPert
44,14,6,4,0.2857142857142857,0.6666666666666666,2,0.3690910406177573,0.013680822008483726,0.36363636363636365,HNRNPM,TxPert
44,20,9,3,0.15,0.3333333333333333,6,0.27369532002347996,0.07222064156645805,0.22727272727272727,HNRNPU,TxPert
44,19,3,3,0.15789473684210525,1.0,0,0.6286747713752777,4.8825962069069254e-06,0.6818181818181818,HSCB,TxPert
44,34,1,1,0.029411764705882353,1.0,0,0.5914547205574783,2.3591008808843308e-05,0.7272727272727273,HSD17B12,TxPert
44,18,1,1,0.05555555555555555,1.0,0,0.37437608078839824,0.012292724010721944,0.22727272727272727,HSPA8,TxPert
44,14,3,3,0.21428571428571427,1.0,0,0.4948143242797526,0.0006391130007783118,0.5909090909090909,HSPE1,TxPert
44,28,3,3,0.10714285714285714,1.0,0,0.5073181536650415,0.0004402064502427745,0.5,IGBP1,TxPert
44,25,3,3,0.12,1.0,0,0.633446868970105,3.930131246182501e-06,0.7272727272727273,ISCU,TxPert
44,9,4,3,0.3333333333333333,0.75,1,0.34658625376063507,0.021180153944086223,0.6590909090909091,KRI1,TxPert
44,26,14,9,0.34615384615384615,0.6428571428571429,5,0.5814144175067311,3.491906329913463e-05,0.5909090909090909,LSM4,TxPert
44,13,5,4,0.3076923076923077,0.8,1,0.47909065396974293,0.0010014878250849,0.45454545454545453,MAGOH,TxPert
44,29,1,1,0.034482758620689655,1.0,0,0.62957738916982,4.687554770427919e-06,0.8409090909090909,MCM10,TxPert
44,29,4,4,0.13793103448275862,1.0,0,0.49452101043750546,0.0006446178811622962,0.75,MCM3AP,TxPert
44,16,3,1,0.0625,0.3333333333333333,2,0.18515964863936177,0.22886402188420737,0.4772727272727273,MDN1,TxPert
44,26,4,4,0.15384615384615385,1.0,0,0.5086951943410605,0.0004221264372712561,0.5454545454545454,MED20,TxPert
44,6,3,2,0.3333333333333333,0.6666666666666666,1,0.3573284018817997,0.017255336869349353,0.6818181818181818,MED26,TxPert
44,6,3,2,0.3333333333333333,0.6666666666666666,1,0.2516867006654946,0.09933429360114841,0.5227272727272727,MED31,TxPert
44,23,3,3,0.13043478260869565,1.0,0,0.5949337832060712,2.053028838267351e-05,0.5909090909090909,MED8,TxPert
44,29,14,11,0.3793103448275862,0.7857142857142857,3,0.49814987438393243,0.0005794097040707329,0.6136363636363636,MFAP1,TxPert
44,15,0,0,0.0,,0,0.20157669291514754,0.18947571501147759,0.6136363636363636,MRPL18,TxPert
44,13,1,1,0.07692307692307693,1.0,0,0.31807112561273054,0.03537035516436741,0.7045454545454546,MRPL3,TxPert
44,15,7,3,0.2,0.42857142857142855,4,0.09433523786786217,0.5424610261376583,0.5681818181818182,MRPL32,TxPert
44,8,1,0,0.0,0.0,1,0.13169291235196792,0.39414530984828733,0.5681818181818182,MRPL38,TxPert
44,21,1,0,0.0,0.0,1,0.13443572611002702,0.3842824408648594,0.5681818181818182,MRPL4,TxPert
44,8,6,3,0.375,0.5,3,0.09236504405885029,0.5509619122889731,0.5,MRPL49,TxPert
44,12,6,2,0.16666666666666666,0.3333333333333333,4,0.1797013991735752,0.24312161250570322,0.5681818181818182,MRPL50,TxPert
44,10,5,3,0.3,0.6,2,0.3979928894372283,0.007461502496124722,0.6818181818181818,MRPL54,TxPert
44,13,3,3,0.23076923076923078,1.0,0,0.26475760494349193,0.08242457777883375,0.5681818181818182,MRPS11,TxPert
44,10,1,1,0.1,1.0,0,0.3125928726525111,0.038837782370842115,0.6136363636363636,MRPS14,TxPert
44,10,0,0,0.0,,0,0.20665567491354453,0.17832941868421123,0.6363636363636364,MRPS18A,TxPert
44,8,3,2,0.25,0.6666666666666666,1,0.045426333953262246,0.7696744560079661,0.5,MRPS24,TxPert
44,16,3,2,0.125,0.6666666666666666,1,0.10364324251795712,0.5031725399560754,0.5909090909090909,MRPS26,TxPert
44,19,0,0,0.0,,0,0.22417656055095614,0.14349399913957003,0.5454545454545454,MRPS27,TxPert
44,3,4,0,0.0,0.0,4,-0.06157017971503313,0.6913453581300701,0.6818181818181818,MTPAP,TxPert
44,12,2,2,0.16666666666666666,1.0,0,0.23590679134745476,0.12316362400286282,0.6818181818181818,MZT1,TxPert
44,13,2,2,0.15384615384615385,1.0,0,0.4613584518543022,0.0016210790721030792,0.5681818181818182,NAA15,TxPert
44,31,2,2,0.06451612903225806,1.0,0,0.5200211517213321,0.0002969432106883305,0.5,NARS,TxPert
44,30,1,1,0.03333333333333333,1.0,0,0.5730563730220524,4.793123976938665e-05,0.75,NBAS,TxPert
44,26,1,1,0.038461538461538464,1.0,0,0.5422874760595336,0.00014329279792129262,0.5681818181818182,NCAPH,TxPert
44,28,1,1,0.03571428571428571,1.0,0,0.5093929733178502,0.0004132222950513184,0.4772727272727273,NDC80,TxPert
44,10,1,1,0.1,1.0,0,0.3214146361533158,0.033382150816530946,0.3181818181818182,NDUFA8,TxPert
44,12,5,3,0.25,0.6,2,0.282501957287376,0.06316816199231487,0.5454545454545454,NEDD1,TxPert
44,15,2,1,0.06666666666666667,0.5,1,0.47376869825938733,0.0011603703864043716,0.6590909090909091,NELFA,TxPert
44,12,1,1,0.08333333333333333,1.0,0,0.13561081636652644,0.38010187975206666,0.5,NFRKB,TxPert
44,12,3,3,0.25,1.0,0,0.4490492991986143,0.002231457671106769,0.6818181818181818,NOL6,TxPert
44,10,5,4,0.4,0.8,1,0.09704303951727943,0.5308813794130541,0.5454545454545454,NOP10,TxPert
44,24,1,1,0.041666666666666664,1.0,0,0.44854117410709893,0.002260521440737905,0.6590909090909091,NRBP1,TxPert
44,26,4,3,0.11538461538461539,0.75,1,0.3651437351787968,0.014802644474489209,0.5454545454545454,NSA2,TxPert
44,19,2,2,0.10526315789473684,1.0,0,0.4889307470679912,0.0007579842375660105,0.5454545454545454,NUBP1,TxPert
44,14,1,1,0.07142857142857142,1.0,0,0.3345743320744147,0.026430138847033106,0.5227272727272727,NUDC,TxPert
44,17,3,3,0.17647058823529413,1.0,0,0.505071303493359,0.0004712056355475386,0.4772727272727273,NUP54,TxPert
44,20,3,3,0.15,1.0,0,0.5204268521330437,0.00029315783049339123,0.6590909090909091,NUTF2,TxPert
44,17,2,2,0.11764705882352941,1.0,0,0.5722889611117036,4.932439577053115e-05,0.8181818181818182,OGFOD1,TxPert
44,12,3,2,0.16666666666666666,0.6666666666666666,1,0.42211971097829504,0.0043152551056220775,0.6818181818181818,OPA1,TxPert
44,20,2,2,0.1,1.0,0,0.27876822574647403,0.06688899786331533,0.45454545454545453,ORC5,TxPert
44,25,2,1,0.04,0.5,1,0.5465304806399093,0.00012398731286819524,0.7272727272727273,OXA1L,TxPert
44,32,3,3,0.09375,1.0,0,0.7634107358787756,1.6806590198433961e-09,0.8181818181818182,PAM16,TxPert
44,6,1,1,0.16666666666666666,1.0,0,0.35246188854664817,0.01894969609466727,0.22727272727272727,PCF11,TxPert
44,8,1,0,0.0,0.0,1,0.16701708576274832,0.27853963954929906,0.7727272727272727,PDCD2,TxPert
44,5,2,0,0.0,0.0,2,0.21648024560587154,0.1581182507628378,0.6590909090909091,PET117,TxPert
44,20,1,1,0.05,1.0,0,0.5540621340519323,9.543731525968293e-05,0.5909090909090909,PGPEP1,TxPert
44,25,7,7,0.28,1.0,0,0.6974931148999196,1.4312583011360906e-07,0.6590909090909091,PHF5A,TxPert
44,19,1,1,0.05263157894736842,1.0,0,0.38622232300841935,0.009611642033396064,0.4090909090909091,PIAS4,TxPert
44,32,2,2,0.0625,1.0,0,0.7218991875146933,3.1989357455784545e-08,0.8409090909090909,POLA1,TxPert
44,34,2,2,0.058823529411764705,1.0,0,0.710662327383878,6.498519557847901e-08,0.8636363636363636,POLD2,TxPert
44,31,3,3,0.0967741935483871,1.0,0,0.6907096700953328,2.1151245238154246e-07,0.8409090909090909,POLE,TxPert
44,8,1,0,0.0,0.0,1,0.09566107591792666,0.5367760775617048,0.5454545454545454,POLR1E,TxPert
44,11,2,2,0.18181818181818182,1.0,0,0.5842579206965427,3.128953465200934e-05,0.4318181818181818,POLR2E,TxPert
44,12,4,4,0.3333333333333333,1.0,0,0.6472234318694619,2.0567552011057927e-06,0.5909090909090909,POLR2F,TxPert
44,18,1,1,0.05555555555555555,1.0,0,0.3362870104835112,0.02562123364552465,0.18181818181818182,POLR3B,TxPert
44,12,1,1,0.08333333333333333,1.0,0,0.08739283902751338,0.5726921724689177,0.3409090909090909,POLR3C,TxPert
44,17,2,2,0.11764705882352941,1.0,0,0.2961082253231073,0.050982249665076994,0.3181818181818182,POLR3D,TxPert
44,17,1,1,0.058823529411764705,1.0,0,0.35119346812505164,0.019413661091495615,0.4090909090909091,POLR3F,TxPert
44,6,7,3,0.5,0.42857142857142855,4,0.27695497389797863,0.06875765144026932,0.5,POP4,TxPert
44,6,2,0,0.0,0.0,2,-0.21963281983396257,0.15200168032350891,0.2727272727272727,PPP1R11,TxPert
44,7,9,3,0.42857142857142855,0.3333333333333333,6,0.5314228504903548,0.00020576899448982512,0.6818181818181818,PPP4R2,TxPert
44,21,6,4,0.19047619047619047,0.6666666666666666,2,0.4983852460307651,0.0005753921124830177,0.5681818181818182,PRELID1,TxPert
44,33,5,5,0.15151515151515152,1.0,0,0.3819905376421189,0.010505135558109347,0.5454545454545454,PRPF3,TxPert
44,30,8,6,0.2,0.75,2,0.47886390159514836,0.0010078396060706615,0.4318181818181818,PRPF31,TxPert
44,9,14,4,0.4444444444444444,0.2857142857142857,10,0.4546396128710554,0.0019328213147665686,0.5681818181818182,PRPF4B,TxPert
44,24,16,10,0.4166666666666667,0.625,6,0.5262671639717865,0.0002432817335697783,0.5909090909090909,PRPF8,TxPert
44,20,7,3,0.15,0.42857142857142855,4,0.5970742086928903,1.8832813431178086e-05,0.7272727272727273,PSMA2,TxPert
44,19,3,2,0.10526315789473684,0.6666666666666666,1,0.4066819535926435,0.006153713173150849,0.5909090909090909,PSMA3,TxPert
44,16,2,2,0.125,1.0,0,0.3797725465165098,0.01100123174539026,0.5681818181818182,PSMA6,TxPert
44,18,6,3,0.16666666666666666,0.5,3,0.5117165277980309,0.0003847770274917286,0.75,PSMB1,TxPert
44,29,10,8,0.27586206896551724,0.8,2,0.6159813136765782,8.546939786055412e-06,0.75,PSMD1,TxPert
44,37,12,12,0.32432432432432434,1.0,0,0.610769804120837,1.0680620678569128e-05,0.8409090909090909,PSMD4,TxPert
44,29,6,6,0.20689655172413793,1.0,0,0.5565639763891983,8.736890136300497e-05,0.7272727272727273,PSMD7,TxPert
44,12,9,3,0.25,0.3333333333333333,6,0.5073809181022925,0.00043936747159684396,0.6590909090909091,PTCD1,TxPert
44,11,9,5,0.45454545454545453,0.5555555555555556,4,0.2811488993150043,0.06449701726480417,0.5227272727272727,PUF60,TxPert
44,6,4,2,0.3333333333333333,0.5,2,0.15137633633497416,0.3266530413276491,0.5681818181818182,PWP2,TxPert
44,25,5,4,0.16,0.8,1,0.15159560776592748,0.32594458109867547,0.4772727272727273,QARS,TxPert
44,20,7,5,0.25,0.7142857142857143,2,0.36073006740600944,0.016148569514686406,0.36363636363636365,RARS2,TxPert
44,9,4,3,0.3333333333333333,0.75,1,0.4964995927739864,0.000608292439071885,0.6818181818181818,RBM19,TxPert
44,19,5,3,0.15789473684210525,0.6,2,0.27942323922201323,0.0662239639824825,0.5227272727272727,RBM28,TxPert
44,14,2,2,0.14285714285714285,1.0,0,0.5059724099379369,0.00045854519659406994,0.3409090909090909,RBM39,TxPert
44,19,14,6,0.3157894736842105,0.42857142857142855,8,0.3297966570166784,0.02879974625973797,0.4090909090909091,RBM42,TxPert
44,20,14,8,0.4,0.5714285714285714,6,0.4394542872441541,0.0028397850747003783,0.7727272727272727,RBX1,TxPert
44,16,7,4,0.25,0.5714285714285714,3,0.17901544693819554,0.24495502598995142,0.2727272727272727,RCC1,TxPert
44,33,2,2,0.06060606060606061,1.0,0,0.7231032244541338,2.958985459449732e-08,0.8863636363636364,RFC3,TxPert
44,33,2,2,0.06060606060606061,1.0,0,0.669050354652679,6.881336667409011e-07,0.8181818181818182,RFC4,TxPert
44,6,5,3,0.5,0.6,2,0.5266559749718358,0.00024025103622844922,0.6818181818181818,RIOK1,TxPert
44,12,2,2,0.16666666666666666,1.0,0,0.37760695869473565,0.011504823019505669,0.29545454545454547,RNF40,TxPert
44,12,4,3,0.25,0.75,1,0.5486225686765405,0.00011536598384199747,0.8181818181818182,RNGTT,TxPert
44,15,1,1,0.06666666666666667,1.0,0,0.6719790555441169,5.900220501437682e-07,0.9318181818181818,RNMT,TxPert
44,20,6,5,0.25,0.8333333333333334,1,0.4849323512578708,0.000849681279513998,0.6363636363636364,RPF1,TxPert
44,20,2,2,0.1,1.0,0,0.5315668102429133,0.00020480111853869812,0.6363636363636364,RPL10,TxPert
44,24,4,4,0.16666666666666666,1.0,0,0.5021082128649169,0.0005150817385826854,0.5681818181818182,RPL10A,TxPert
44,24,4,4,0.16666666666666666,1.0,0,0.5766385262128259,4.189125469015115e-05,0.6590909090909091,RPL11,TxPert
44,18,6,6,0.3333333333333333,1.0,0,0.6455706394365918,2.2266956890579008e-06,0.75,RPL13,TxPert
44,22,1,1,0.045454545454545456,1.0,0,0.66946344476504,6.734338879627936e-07,0.75,RPL18,TxPert
44,18,1,1,0.05555555555555555,1.0,0,0.5286590232500071,0.0002251715450946653,0.6363636363636364,RPL35A,TxPert
44,20,7,7,0.35,1.0,0,0.6247008646157137,5.833570331550426e-06,0.6590909090909091,RPL8,TxPert
44,20,1,1,0.05,1.0,0,0.6197720107194957,7.249592464095772e-06,0.6818181818181818,RPL9,TxPert
44,10,4,4,0.4,1.0,0,0.4877780636384901,0.0007834651871851982,0.6590909090909091,RPP14,TxPert
44,10,5,3,0.3,0.6,2,0.4008515502208398,0.0070069890581945776,0.6590909090909091,RPS14,TxPert
44,10,6,4,0.4,0.6666666666666666,2,0.4829991423258188,0.0008974720811473723,0.6818181818181818,RPS19,TxPert
44,8,3,2,0.25,0.6666666666666666,1,0.4420698994304547,0.0026609795721907682,0.6818181818181818,RPS21,TxPert
44,14,4,3,0.21428571428571427,0.75,1,0.5374216956757374,0.0001687600619997615,0.7272727272727273,RPS23,TxPert
44,12,2,1,0.08333333333333333,0.5,1,0.4235979327216461,0.0041674767219499545,0.7045454545454546,RPS26,TxPert
44,14,0,0,0.0,,0,0.6562205625447476,1.323771204544958e-06,0.7954545454545454,RPS5,TxPert
44,15,0,0,0.0,,0,0.6238012899203087,6.071285871868726e-06,0.7045454545454546,RPS6,TxPert
44,7,6,3,0.42857142857142855,0.5,3,0.46026534177857487,0.0016685410550855155,0.6136363636363636,RRN3,TxPert
44,7,3,2,0.2857142857142857,0.6666666666666666,1,0.45451756258466885,0.0019389434971560065,0.6818181818181818,RRP7A,TxPert
44,5,2,1,0.2,0.5,1,0.4378991172310625,0.0029510352681507276,0.5227272727272727,SAP18,TxPert
44,21,3,2,0.09523809523809523,0.6666666666666666,1,-0.21584895092956188,0.15936436220867148,0.13636363636363635,SART3,TxPert
44,33,1,1,0.030303030303030304,1.0,0,0.5226224884107201,0.0002734165876612071,0.6818181818181818,SCAF1,TxPert
44,29,16,14,0.4827586206896552,0.875,2,0.48896055687299966,0.0007573352181668198,0.5454545454545454,SCFD1,TxPert
44,9,1,1,0.1111111111111111,1.0,0,0.4902163908129614,0.0007304406799614189,0.5,SDC1,TxPert
44,17,1,1,0.058823529411764705,1.0,0,0.464126324958754,0.001506210685773277,0.38636363636363635,SEC13,TxPert
44,27,7,7,0.25925925925925924,1.0,0,0.6813863659410774,3.5575721191987095e-07,0.75,SF3A2,TxPert
44,27,13,9,0.3333333333333333,0.6923076923076923,4,0.457530867560243,0.001792705326102025,0.5227272727272727,SF3B2,TxPert
44,29,7,6,0.20689655172413793,0.8571428571428571,1,0.4831409221285122,0.00089388730680951,0.3181818181818182,SF3B3,TxPert
44,16,2,2,0.125,1.0,0,0.32191727333160064,0.033091386226122475,0.1590909090909091,SFPQ,TxPert
44,8,3,3,0.375,1.0,0,0.447563600217835,0.002317377861745662,0.4772727272727273,SFSWAP,TxPert
44,13,1,1,0.07692307692307693,1.0,0,0.44647514837751856,0.002382164196654028,0.3181818181818182,SIN3A,TxPert
44,31,8,7,0.22580645161290322,0.875,1,0.43334447561721434,0.003299200970010008,0.3409090909090909,SLU7,TxPert
44,18,8,6,0.3333333333333333,0.75,2,0.710117372984668,6.72010140203199e-08,0.6136363636363636,SMC4,TxPert
44,8,12,2,0.25,0.16666666666666666,10,0.5775922387095546,4.0404900897625e-05,0.6136363636363636,SMG5,TxPert
44,18,10,6,0.3333333333333333,0.6,4,0.5871111755596774,2.7997625066180462e-05,0.6590909090909091,SNAPC3,TxPert
44,33,12,10,0.30303030303030304,0.8333333333333334,2,0.6081528504721095,1.1927535878599739e-05,0.5909090909090909,SNRNP200,TxPert
44,1,12,0,0.0,0.0,12,0.22631010012185,0.13962287088852862,0.6363636363636364,SNRNP27,TxPert
44,15,2,2,0.13333333333333333,1.0,0,0.4960349468120862,0.000616654076338196,0.3409090909090909,SNRNP48,TxPert
44,24,9,7,0.2916666666666667,0.7777777777777778,2,0.6177306104995705,7.92379160438041e-06,0.5,SNRPD1,TxPert
44,26,6,6,0.23076923076923078,1.0,0,0.4953545244725228,0.0006290846971732519,0.4318181818181818,SNRPE,TxPert
44,29,6,6,0.20689655172413793,1.0,0,0.680917463775999,3.6500178853678916e-07,0.6363636363636364,SNRPG,TxPert
44,36,2,2,0.05555555555555555,1.0,0,0.5887517182539939,2.6251607416316545e-05,0.6363636363636364,SON,TxPert
44,26,1,1,0.038461538461538464,1.0,0,0.4773448027872389,0.001051327013985716,0.4772727272727273,SPC25,TxPert
44,18,1,1,0.05555555555555555,1.0,0,0.48062410023248453,0.0009594618834658995,0.75,SPCS3,TxPert
44,24,1,1,0.041666666666666664,1.0,0,0.6287093832035646,4.874981232735697e-06,0.5681818181818182,SRBD1,TxPert
44,8,4,4,0.5,1.0,0,0.39616895031497124,0.007764625897613527,0.6590909090909091,SRFBP1,TxPert
44,16,4,3,0.1875,0.75,1,0.4848544517484854,0.0008515621654528643,0.4318181818181818,SRP68,TxPert
44,13,4,3,0.23076923076923078,0.75,1,0.21902518572170576,0.15316688240745505,0.5681818181818182,SRRM1,TxPert
44,16,4,3,0.1875,0.75,1,0.4157922894246255,0.0050007666364438146,0.4772727272727273,SSRP1,TxPert
44,16,2,1,0.0625,0.5,1,0.12765986089023923,0.40891276942647437,0.7272727272727273,SUGT1,TxPert
44,22,7,5,0.22727272727272727,0.7142857142857143,2,0.2811748789016754,0.06447129470354357,0.4090909090909091,SURF6,TxPert
44,14,1,1,0.07142857142857142,1.0,0,0.469114978598286,0.0013172969425235771,0.5454545454545454,TAF10,TxPert
44,9,1,1,0.1111111111111111,1.0,0,0.41863772894440177,0.004681568034452015,0.5,TAF6,TxPert
44,6,4,4,0.6666666666666666,1.0,0,0.38335430741018617,0.01020972282311666,0.6136363636363636,TBL3,TxPert
44,24,1,1,0.041666666666666664,1.0,0,0.4815897258286624,0.0009338121012661463,0.5681818181818182,TCP1,TxPert
44,27,7,7,0.25925925925925924,1.0,0,0.4370454004632207,0.0030137207873352488,0.5681818181818182,TEX10,TxPert
44,23,2,2,0.08695652173913043,1.0,0,0.3978863343765552,0.007478925511243906,0.4090909090909091,THOC7,TxPert
44,10,4,2,0.2,0.5,2,0.00041185971168338636,0.9978829618485477,0.5909090909090909,TRMT10C,TxPert
44,11,1,1,0.09090909090909091,1.0,0,0.4108040903940484,0.005606242093317418,0.5454545454545454,TRMT5,TxPert
44,6,2,1,0.16666666666666666,0.5,1,0.21490016077101945,0.16125062052043648,0.6363636363636364,TSEN2,TxPert
44,9,3,2,0.2222222222222222,0.6666666666666666,1,0.3712706481804171,0.013092989812193197,0.5454545454545454,TSR1,TxPert
44,11,4,2,0.18181818181818182,0.5,2,0.5694337561397299,5.483854805245971e-05,0.75,TSR2,TxPert
44,16,1,1,0.0625,1.0,0,-0.23219741889312648,0.12934304034130248,0.36363636363636365,TTC27,TxPert
44,31,1,1,0.03225806451612903,1.0,0,0.7116325594919599,6.120790238658988e-08,0.8636363636363636,TXN,TxPert
44,24,6,5,0.20833333333333334,0.8333333333333334,1,0.5417411003033964,0.00014596754274750855,0.5227272727272727,U2AF1,TxPert
44,9,5,3,0.3333333333333333,0.6,2,0.29031934712047486,0.05591183620742965,0.4318181818181818,UQCRB,TxPert
44,4,1,0,0.0,0.0,1,-0.22316016393095783,0.14536581964955478,0.4090909090909091,USP36,TxPert
44,10,8,4,0.4,0.5,4,0.38204242154687273,0.010493764134301548,0.6363636363636364,UTP3,TxPert
44,11,3,3,0.2727272727272727,1.0,0,0.2564831960396985,0.09284407535723951,0.38636363636363635,VPS29,TxPert
44,32,2,2,0.0625,1.0,0,0.586551799507522,2.8616853381528063e-05,0.6818181818181818,VPS54,TxPert
44,3,7,2,0.6666666666666666,0.2857142857142857,5,-0.2175069606375169,0.15610683152823585,0.45454545454545453,VPS72,TxPert
44,31,4,4,0.12903225806451613,1.0,0,0.5323491882247112,0.000199612654028786,0.5454545454545454,WBP11,TxPert
44,18,2,2,0.1111111111111111,1.0,0,0.5271294910266434,0.0002366061785840684,0.7272727272727273,WDHD1,TxPert
44,22,1,1,0.045454545454545456,1.0,0,0.3036984698755752,0.04505650223349461,0.5681818181818182,WDR12,TxPert
44,8,5,2,0.25,0.4,3,0.5422650770265215,0.0001434015709322554,0.6818181818181818,WDR3,TxPert
44,8,5,4,0.5,0.8,1,0.5712406087681193,5.1287332976647494e-05,0.7272727272727273,WDR43,TxPert
44,10,1,1,0.1,1.0,0,-0.1633484739239885,0.28938368720115404,0.5,WDR5,TxPert
44,20,3,2,0.1,0.6666666666666666,1,0.37624923906311786,0.011830499780632896,0.3181818181818182,WDR70,TxPert
44,30,1,1,0.03333333333333333,1.0,0,0.46312639819883383,0.0015468465675018298,0.5909090909090909,WDR82,TxPert
44,26,17,14,0.5384615384615384,0.8235294117647058,3,0.4731765760521076,0.0011793660687742426,0.6818181818181818,WDTC1,TxPert
44,21,4,2,0.09523809523809523,0.5,2,0.5078574422421311,0.0004330444729108727,0.6136363636363636,XPO1,TxPert
44,20,3,3,0.15,1.0,0,0.3101880336106484,0.0404453945955501,0.3409090909090909,XRCC6,TxPert
44,16,4,3,0.1875,0.75,1,0.26345665163068643,0.0839993347516191,0.8181818181818182,YEATS2,TxPert
44,5,1,1,0.2,1.0,0,0.20235720834498178,0.18773138072508452,0.5454545454545454,ZBTB17,TxPert
44,17,1,0,0.0,0.0,1,0.267285293439432,0.07943092458016308,0.2727272727272727,ZCRB1,TxPert
44,1,4,0,0.0,0.0,4,-0.04585257689389971,0.7675729738175591,0.4772727272727273,ZNF335,TxPert
44,4,1,1,0.25,1.0,0,-0.17845189225321023,0.24646827408583918,0.5227272727272727,ZNHIT6,TxPert
44,6,1,0,0.0,0.0,1,0.2601650545456824,0.08808854973951472,0.4090909090909091,ACTR8,Linear
44,9,1,1,0.1111111111111111,1.0,0,0.4274826977559261,0.003800004472216117,0.5227272727272727,ALG13,Linear
44,16,1,1,0.0625,1.0,0,-0.42568097727316456,0.003966748924098313,0.18181818181818182,ANKRD11,Linear
44,32,1,1,0.03125,1.0,0,0.6303738802950054,4.521440180698661e-06,0.7954545454545454,AP2S1,Linear
44,15,1,0,0.0,0.0,1,-0.19485595879311607,0.20497330841096065,0.4090909090909091,ARGLU1,Linear
44,31,0,0,0.0,,0,0.550712792321207,0.00010729964464114684,0.7045454545454546,ARIH1,Linear
44,7,2,2,0.2857142857142857,1.0,0,0.40876573644898817,0.005871425818962137,0.45454545454545453,ARPC4,Linear
44,36,1,1,0.027777777777777776,1.0,0,0.6326696748710217,4.0725289039510654e-06,0.7954545454545454,ATP6AP1,Linear
44,14,1,1,0.07142857142857142,1.0,0,0.47345999775982467,0.0011702394460225874,0.45454545454545453,BGLAP,Linear
44,7,10,1,0.14285714285714285,0.1,9,0.07289990278319707,0.6381629605206178,0.5681818181818182,BMS1,Linear
44,25,7,6,0.24,0.8571428571428571,1,0.5594344184134845,7.887954979355953e-05,0.7045454545454546,BRIX1,Linear
44,3,1,0,0.0,0.0,1,-0.003253859698673185,0.9832756967391783,0.5,BYSL,Linear
44,11,1,1,0.09090909090909091,1.0,0,0.43007103987627765,0.003571207441887201,0.45454545454545453,C1QBP,Linear
44,21,3,2,0.09523809523809523,0.6666666666666666,1,0.19652203580553596,0.20105118855039567,0.6136363636363636,CCDC86,Linear
44,18,3,3,0.16666666666666666,1.0,0,0.4319855666667376,0.0034098295498548445,0.5227272727272727,CDC123,Linear
44,15,1,1,0.06666666666666667,1.0,0,0.44144766999965745,0.0027025920282988925,0.5227272727272727,CDC23,Linear
44,19,2,2,0.10526315789473684,1.0,0,0.48009084249951345,0.0009738945160493093,0.11363636363636363,CDC40,Linear
44,21,1,1,0.047619047619047616,1.0,0,0.41935397861988105,0.004604076428825206,0.4090909090909091,CENPC,Linear
44,12,1,1,0.08333333333333333,1.0,0,0.42181182390017175,0.004346604267786848,0.4090909090909091,CENPE,Linear
44,13,0,0,0.0,,0,0.4565597846788234,0.001838728516281753,0.5227272727272727,CHERP,Linear
44,36,1,1,0.027777777777777776,1.0,0,0.6642646922270374,8.815704704318162e-07,0.8181818181818182,CHMP6,Linear
44,21,1,1,0.047619047619047616,1.0,0,0.4760371701296897,0.0010900919168990012,0.7045454545454546,CNIH4,Linear
44,24,4,4,0.16666666666666666,1.0,0,0.6060512222667515,1.30242857034888e-05,0.7727272727272727,COG2,Linear
44,16,1,1,0.0625,1.0,0,0.5412580909199902,0.00014836970160114312,0.5909090909090909,CPSF3,Linear
44,10,1,1,0.1,1.0,0,0.43801714552787674,0.0029424596723096677,0.20454545454545456,CPSF4,Linear
44,22,1,1,0.045454545454545456,1.0,0,0.322324704107836,0.03285723205794552,0.2727272727272727,CSTF1,Linear
44,12,1,1,0.08333333333333333,1.0,0,0.31495998574339934,0.03730685359767362,0.2727272727272727,CSTF3,Linear
44,16,1,1,0.0625,1.0,0,0.3276429890437084,0.029924136104699364,0.18181818181818182,CTR9,Linear
44,12,1,1,0.08333333333333333,1.0,0,0.32714348642066254,0.030190046283180318,0.5227272727272727,CUL1,Linear
44,25,2,2,0.08,1.0,0,0.43368254325465755,0.0032721731382783347,0.3181818181818182,CWC15,Linear
44,22,3,3,0.13636363636363635,1.0,0,0.4693888881251722,0.0013075631627990775,0.36363636363636365,CWC22,Linear
44,15,2,2,0.13333333333333333,1.0,0,0.4354636170681055,0.003132964186802962,0.7272727272727273,DAD1,Linear
44,28,2,2,0.07142857142857142,1.0,0,-0.09330491398315557,0.546898743606918,0.11363636363636363,DBR1,Linear
44,12,6,4,0.3333333333333333,0.6666666666666666,2,0.5213463023228566,0.00028473956891174616,0.5681818181818182,DDOST,Linear
44,29,6,6,0.20689655172413793,1.0,0,0.3957032975832339,0.007843695830441482,0.38636363636363635,DDX41,Linear
44,4,5,1,0.25,0.2,4,0.1742764897791447,0.257876586155174,0.5681818181818182,DDX49,Linear
44,8,6,4,0.5,0.6666666666666666,2,-0.3347148313246917,0.02636298970874309,0.4318181818181818,DDX5,Linear
44,10,5,1,0.1,0.2,4,0.022473786210942055,0.8848681384564355,0.5909090909090909,DDX52,Linear
44,16,6,4,0.25,0.6666666666666666,2,0.39268274124788,0.008373673036425123,0.6136363636363636,DDX54,Linear
44,21,8,4,0.19047619047619047,0.5,4,0.5749165364121237,4.4702114241156526e-05,0.5,DERL2,Linear
44,7,5,2,0.2857142857142857,0.4,3,0.3540117349871594,0.018395505385921395,0.6590909090909091,DHX37,Linear
44,17,5,3,0.17647058823529413,0.6,2,0.5479717010122412,0.00011798792168729103,0.6590909090909091,DLD,Linear
44,8,1,0,0.0,0.0,1,0.34512860391121897,0.021766386243922808,0.5454545454545454,DNAJC8,Linear
44,9,1,0,0.0,0.0,1,0.30573628982371004,0.0435646985666443,0.5681818181818182,DNTTIP2,Linear
44,31,8,7,0.22580645161290322,0.875,1,0.8370436814912298,1.4483140016334028e-12,0.9090909090909091,DONSON,Linear
44,16,2,2,0.125,1.0,0,-0.5822809095894547,3.377422717616975e-05,0.1590909090909091,DPH2,Linear
44,24,1,1,0.041666666666666664,1.0,0,0.4495875069346643,0.0022010334504493695,0.4772727272727273,DYNC1H1,Linear
44,26,3,3,0.11538461538461539,1.0,0,0.4037578338156619,0.006569659574010519,0.5681818181818182,DYNLRB1,Linear
44,21,1,1,0.047619047619047616,1.0,0,0.42628095660329135,0.003910525285319625,0.5909090909090909,E4F1,Linear
44,18,9,7,0.3888888888888889,0.7777777777777778,2,0.2260747015336323,0.1400461394156192,0.45454545454545453,EBNA1BP2,Linear
44,20,1,1,0.05,1.0,0,0.38475250811583134,0.00991427775128386,0.45454545454545453,ECD,Linear
44,26,2,2,0.07692307692307693,1.0,0,0.5866690687914207,2.848600728875649e-05,0.5681818181818182,EIF2B3,Linear
44,33,1,1,0.030303030303030304,1.0,0,0.5379361470479469,0.0001658858737829132,0.6136363636363636,EIF2S1,Linear
44,23,1,1,0.043478260869565216,1.0,0,0.38703485843770963,0.009447772224811826,0.4772727272727273,EIF3E,Linear
44,26,1,1,0.038461538461538464,1.0,0,0.2622776702954651,0.08544663071963812,0.2727272727272727,EIF3F,Linear
44,22,1,1,0.045454545454545456,1.0,0,0.37288645239209656,0.012671229532534554,0.45454545454545453,EIF3G,Linear
44,17,1,1,0.058823529411764705,1.0,0,0.19479868176890627,0.2051090909135299,0.29545454545454547,EIF3J,Linear
44,29,1,1,0.034482758620689655,1.0,0,0.3819688227223008,0.010509897963214936,0.29545454545454547,EIF3M,Linear
44,20,1,1,0.05,1.0,0,0.46617271812148886,0.0014259888899016925,0.4318181818181818,EIF5A,Linear
44,23,4,3,0.13043478260869565,0.75,1,0.16798600238404396,0.27572070920807823,0.3409090909090909,ELP5,Linear
44,21,2,2,0.09523809523809523,1.0,0,0.4835353813537747,0.0008839809323126587,0.5454545454545454,EXOC7,Linear
44,9,7,3,0.3333333333333333,0.42857142857142855,4,0.47089388662951914,0.0012552129367049381,0.75,EXOSC10,Linear
44,20,7,6,0.3,0.8571428571428571,1,0.6982210214853491,1.3716436435309695e-07,0.5909090909090909,EXOSC2,Linear
44,20,1,1,0.05,1.0,0,0.4003490013202786,0.00708511126129694,0.4318181818181818,FAM50A,Linear
44,7,3,1,0.14285714285714285,0.3333333333333333,2,0.340238588302928,0.023833349335284953,0.7272727272727273,FASTKD5,Linear
44,10,1,0,0.0,0.0,1,-0.07479323626423942,0.6294391064983526,0.45454545454545453,FCF1,Linear
44,31,1,1,0.03225806451612903,1.0,0,0.5682748791062416,5.723282884206722e-05,0.7045454545454546,FTSJ3,Linear
44,19,1,1,0.05263157894736842,1.0,0,0.5390287042542153,0.00015992846534041146,0.6818181818181818,GFER,Linear
44,11,1,1,0.09090909090909091,1.0,0,0.3981617931444403,0.007433956595047415,0.3409090909090909,GFM1,Linear
44,17,3,3,0.17647058823529413,1.0,0,0.2835087931046337,0.06219355869374337,0.4318181818181818,GNL3,Linear
44,23,4,3,0.13043478260869565,0.75,1,0.18618882080990634,0.22624137781442116,0.4772727272727273,GNL3L,Linear
44,18,6,6,0.3333333333333333,1.0,0,0.4643189091386387,0.0014984940048172154,0.4318181818181818,GPKOW,Linear
44,26,1,1,0.038461538461538464,1.0,0,0.5121903274060855,0.00037919784031570966,0.5909090909090909,GRPEL1,Linear
44,17,1,1,0.058823529411764705,1.0,0,0.5614653194500976,7.333450941508783e-05,0.6136363636363636,GTF2E1,Linear
44,14,1,1,0.07142857142857142,1.0,0,0.5243277590745299,0.0002589211691047804,0.5,GTF2E2,Linear
44,12,1,1,0.08333333333333333,1.0,0,0.35218273937392397,0.019050993768616985,0.36363636363636365,HAUS5,Linear
44,12,1,1,0.08333333333333333,1.0,0,0.32666151463553794,0.030448475696203656,0.5681818181818182,HEATR1,Linear
44,26,1,1,0.038461538461538464,1.0,0,0.5244826935265858,0.0002576391979956246,0.5909090909090909,HGS,Linear
44,14,1,1,0.07142857142857142,1.0,0,0.4507462299951044,0.0021367724094489846,0.6363636363636364,HIRA,Linear
44,10,2,2,0.2,1.0,0,0.4974524502657036,0.0005914622708872634,0.6363636363636364,HNRNPH1,Linear
44,14,2,2,0.14285714285714285,1.0,0,0.42985068881230015,0.0035902038651198323,0.3181818181818182,HNRNPM,Linear
44,20,3,3,0.15,1.0,0,0.3389982712911934,0.024382939190665556,0.2727272727272727,HNRNPU,Linear
44,19,1,1,0.05263157894736842,1.0,0,0.44771369012181234,0.00230856736072036,0.5454545454545454,HSCB,Linear
44,34,2,2,0.058823529411764705,1.0,0,0.6162308873146501,8.455359541414568e-06,0.75,HSD17B12,Linear
44,18,1,1,0.05555555555555555,1.0,0,0.4182035430173255,0.004729094701606262,0.25,HSPA8,Linear
44,14,1,1,0.07142857142857142,1.0,0,0.4496762292931575,0.002196053406932269,0.5454545454545454,HSPE1,Linear
44,28,1,1,0.03571428571428571,1.0,0,0.41218319917902574,0.0054327853239638695,0.5,IGBP1,Linear
44,25,1,1,0.04,1.0,0,0.6124268609541071,9.954273767430266e-06,0.7045454545454546,ISCU,Linear
44,9,1,1,0.1111111111111111,1.0,0,-0.10468246860045677,0.4988778341204774,0.5681818181818182,KRI1,Linear
44,26,14,9,0.34615384615384615,0.6428571428571429,5,0.5714404566365092,5.090772546627356e-05,0.5454545454545454,LSM4,Linear
44,13,1,1,0.07692307692307693,1.0,0,0.4891787997974737,0.0007525987515578643,0.4318181818181818,MAGOH,Linear
44,29,1,1,0.034482758620689655,1.0,0,0.6239904565027304,6.020569193240135e-06,0.8181818181818182,MCM10,Linear
44,29,1,1,0.034482758620689655,1.0,0,0.5339952359437454,0.00018908301029840413,0.7727272727272727,MCM3AP,Linear
44,16,1,0,0.0,0.0,1,0.1714188068121239,0.2658848274887065,0.3409090909090909,MDN1,Linear
44,26,1,1,0.038461538461538464,1.0,0,0.4362331589130688,0.003074444140820985,0.5,MED20,Linear
44,6,2,2,0.3333333333333333,1.0,0,0.3852067473748925,0.009819888344641925,0.6363636363636364,MED26,Linear
44,6,2,2,0.3333333333333333,1.0,0,0.320750617663677,0.03376949702160836,0.4772727272727273,MED31,Linear
44,23,1,1,0.043478260869565216,1.0,0,0.48579059383609424,0.0008292033329680807,0.5454545454545454,MED8,Linear
44,29,1,1,0.034482758620689655,1.0,0,0.4197244109238992,0.004564439924973781,0.45454545454545453,MFAP1,Linear
44,15,2,2,0.13333333333333333,1.0,0,0.4409304601289335,0.0027376160263768816,0.45454545454545453,MRPL18,Linear
44,13,5,4,0.3076923076923077,0.8,1,0.4818696790800045,0.0009264910695900663,0.5227272727272727,MRPL3,Linear
44,15,3,3,0.2,1.0,0,0.4134189477790509,0.005281343984343871,0.5454545454545454,MRPL32,Linear
44,8,3,2,0.25,0.6666666666666666,1,0.44460482110302696,0.0024972259207694113,0.5227272727272727,MRPL38,Linear
44,21,4,2,0.09523809523809523,0.5,2,0.3939348499076253,0.008150351078976163,0.5227272727272727,MRPL4,Linear
44,8,5,3,0.375,0.6,2,0.2453531852054044,0.10843196043414906,0.5227272727272727,MRPL49,Linear
44,12,5,3,0.25,0.6,2,0.47711121882646956,0.0010581601532934069,0.5681818181818182,MRPL50,Linear
44,10,4,4,0.4,1.0,0,0.3719402106752276,0.012916790060974494,0.38636363636363635,MRPL54,Linear
44,13,5,3,0.23076923076923078,0.6,2,0.3139501275525327,0.03795381194179983,0.5,MRPS11,Linear
44,10,6,4,0.4,0.6666666666666666,2,0.3774491912851589,0.011542268707765816,0.5909090909090909,MRPS14,Linear
44,10,4,2,0.2,0.5,2,0.37210081741779333,0.012874827210081206,0.36363636363636365,MRPS18A,Linear
44,8,5,2,0.25,0.4,3,0.1238956624007553,0.4229777336122107,0.45454545454545453,MRPS24,Linear
44,16,4,2,0.125,0.5,2,0.2507455977676208,0.10064768524995063,0.6363636363636364,MRPS26,Linear
44,19,6,5,0.2631578947368421,0.8333333333333334,1,0.37560986279610875,0.011986575202383876,0.3409090909090909,MRPS27,Linear
44,3,1,0,0.0,0.0,1,0.13898492026760167,0.3682486152600044,0.7727272727272727,MTPAP,Linear
44,12,1,1,0.08333333333333333,1.0,0,0.310592104036662,0.04017154044142802,0.6818181818181818,MZT1,Linear
44,13,1,1,0.07692307692307693,1.0,0,0.45120560470343746,0.0021117585561529545,0.5681818181818182,NAA15,Linear
44,31,2,2,0.06451612903225806,1.0,0,0.47841351436776464,0.001020562473326555,0.5454545454545454,NARS,Linear
44,30,2,2,0.06666666666666667,1.0,0,0.6146541428028716,9.049461453650278e-06,0.7727272727272727,NBAS,Linear
44,26,1,1,0.038461538461538464,1.0,0,0.4457256539656679,0.002427698898004461,0.5681818181818182,NCAPH,Linear
44,28,1,1,0.03571428571428571,1.0,0,0.5008081345788923,0.0005354646104521365,0.4772727272727273,NDC80,Linear
44,10,1,1,0.1,1.0,0,0.3340918533426606,0.026661816017314287,0.29545454545454547,NDUFA8,Linear
44,12,1,1,0.08333333333333333,1.0,0,0.2900242714641743,0.056173009790448,0.5681818181818182,NEDD1,Linear
44,15,1,0,0.0,0.0,1,0.5030382134708419,0.0005009313217466844,0.6136363636363636,NELFA,Linear
44,12,1,1,0.08333333333333333,1.0,0,0.12406899204820723,0.42232415216169866,0.5,NFRKB,Linear
44,12,3,2,0.16666666666666666,0.6666666666666666,1,0.46485115348494727,0.001477349603587149,0.6590909090909091,NOL6,Linear
44,10,4,2,0.2,0.5,2,0.0002964655418693195,0.9984761092504904,0.5227272727272727,NOP10,Linear
44,24,1,1,0.041666666666666664,1.0,0,0.348551563476834,0.020410780990639307,0.6363636363636364,NRBP1,Linear
44,26,2,2,0.07692307692307693,1.0,0,0.20088288296714354,0.19103591289612074,0.4318181818181818,NSA2,Linear
44,19,0,0,0.0,,0,0.4983938473780153,0.0005752457692632392,0.5454545454545454,NUBP1,Linear
44,14,1,1,0.07142857142857142,1.0,0,0.41152547788621036,0.005514918785299888,0.5227272727272727,NUDC,Linear
44,17,2,2,0.11764705882352941,1.0,0,0.4464720638545235,0.00238235003906495,0.4090909090909091,NUP54,Linear
44,20,1,1,0.05,1.0,0,0.4768307450696407,0.0010664172580457472,0.45454545454545453,NUTF2,Linear
44,17,1,1,0.058823529411764705,1.0,0,0.6514644882673705,1.674013352903155e-06,0.8181818181818182,OGFOD1,Linear
44,12,1,1,0.08333333333333333,1.0,0,0.41140343509734056,0.005530277148273715,0.6590909090909091,OPA1,Linear
44,20,1,1,0.05,1.0,0,0.29059540850268356,0.05566837557594688,0.4772727272727273,ORC5,Linear
44,25,2,2,0.08,1.0,0,0.3656973184822479,0.014640757078969696,0.45454545454545453,OXA1L,Linear
44,32,1,1,0.03125,1.0,0,0.46647309997244074,0.001414538561191404,0.5909090909090909,PAM16,Linear
44,6,1,1,0.16666666666666666,1.0,0,0.34302152437572603,0.02263780932328828,0.22727272727272727,PCF11,Linear
44,8,4,1,0.125,0.25,3,0.19951207225198364,0.19414524971431782,0.7727272727272727,PDCD2,Linear
44,5,1,0,0.0,0.0,1,0.14019486813229104,0.3640526865886148,0.6590909090909091,PET117,Linear
44,20,1,1,0.05,1.0,0,0.5392394563513548,0.00015880185585992568,0.5681818181818182,PGPEP1,Linear
44,25,1,1,0.04,1.0,0,0.5382076113178771,0.00016438717519053336,0.4772727272727273,PHF5A,Linear
44,19,1,1,0.05263157894736842,1.0,0,0.4473899125672638,0.0023276106046415876,0.4090909090909091,PIAS4,Linear
44,32,4,3,0.09375,0.75,1,0.704298682394282,9.568037253494516e-08,0.8409090909090909,POLA1,Linear
44,34,3,3,0.08823529411764706,1.0,0,0.6419203157160693,2.6490108790599434e-06,0.8181818181818182,POLD2,Linear
44,31,3,3,0.0967741935483871,1.0,0,0.7263260566705447,2.3968067910769015e-08,0.8636363636363636,POLE,Linear
44,8,5,2,0.25,0.4,3,0.23662469750801365,0.12199377406670082,0.5909090909090909,POLR1E,Linear
44,11,8,4,0.36363636363636365,0.5,4,0.5456293271442767,0.0001278779276687481,0.4090909090909091,POLR2E,Linear
44,12,4,3,0.25,0.75,1,0.6000888694494296,1.6659770865357926e-05,0.5454545454545454,POLR2F,Linear
44,18,9,4,0.2222222222222222,0.4444444444444444,5,0.40049198688488624,0.007062807560947234,0.22727272727272727,POLR3B,Linear
44,12,2,1,0.08333333333333333,0.5,1,-0.04142750730704049,0.7894671775970058,0.3409090909090909,POLR3C,Linear
44,17,2,2,0.11764705882352941,1.0,0,0.3271345998629773,0.030194794696600954,0.3181818181818182,POLR3D,Linear
44,17,4,4,0.23529411764705882,1.0,0,0.18790664166751606,0.22191002893503345,0.36363636363636365,POLR3F,Linear
44,6,5,0,0.0,0.0,5,0.10748773085097195,0.48737924834978147,0.5,POP4,Linear
44,6,3,0,0.0,0.0,3,-0.2433938066611166,0.11137137669215319,0.2727272727272727,PPP1R11,Linear
44,7,4,2,0.2857142857142857,0.5,2,0.49345546174895566,0.0006649752308977629,0.6818181818181818,PPP4R2,Linear
44,21,1,1,0.047619047619047616,1.0,0,0.4071144976450336,0.006094167614378871,0.4318181818181818,PRELID1,Linear
44,33,1,1,0.030303030303030304,1.0,0,0.4526546192499652,0.002034543425928372,0.4318181818181818,PRPF3,Linear
44,30,2,2,0.06666666666666667,1.0,0,0.4016282798890655,0.006887711192814088,0.38636363636363635,PRPF31,Linear
44,9,1,1,0.1111111111111111,1.0,0,0.42303279700200547,0.004223442821359228,0.5227272727272727,PRPF4B,Linear
44,24,1,1,0.041666666666666664,1.0,0,0.44117127982718357,0.002721259004741488,0.3409090909090909,PRPF8,Linear
44,20,9,4,0.2,0.4444444444444444,5,0.5910396520645332,2.398281512690486e-05,0.7272727272727273,PSMA2,Linear
44,19,9,5,0.2631578947368421,0.5555555555555556,4,0.527812352538337,0.00023143786697512635,0.6363636363636364,PSMA3,Linear
44,16,9,4,0.25,0.4444444444444444,5,0.46647102509709226,0.0014146173729579394,0.6136363636363636,PSMA6,Linear
44,18,9,5,0.2777777777777778,0.5555555555555556,4,0.6340581555869311,3.821374981029572e-06,0.8181818181818182,PSMB1,Linear
44,29,3,3,0.10344827586206896,1.0,0,0.5856702485525791,2.9618218178086278e-05,0.7727272727272727,PSMD1,Linear
44,37,11,11,0.2972972972972973,1.0,0,0.6529576676154399,1.5557654310119405e-06,0.8409090909090909,PSMD4,Linear
44,29,9,9,0.3103448275862069,1.0,0,0.6433001683507127,2.4813601102928235e-06,0.75,PSMD7,Linear
44,12,1,1,0.08333333333333333,1.0,0,0.4210228388117795,0.004427848613072492,0.45454545454545453,PTCD1,Linear
44,11,1,1,0.09090909090909091,1.0,0,0.474759797203094,0.0011291841485618413,0.5681818181818182,PUF60,Linear
44,6,5,0,0.0,0.0,5,0.11720284899469093,0.44864759728654174,0.6136363636363636,PWP2,Linear
44,25,1,1,0.04,1.0,0,0.5035146020000596,0.0004938189186335722,0.6363636363636364,QARS,Linear
44,20,1,1,0.05,1.0,0,0.40680988671882967,0.006136049097057728,0.3409090909090909,RARS2,Linear
44,9,6,4,0.4444444444444444,0.6666666666666666,2,0.3685044011634953,0.013842819840990086,0.6363636363636364,RBM19,Linear
44,19,8,7,0.3684210526315789,0.875,1,0.27626754930066666,0.06947679239426259,0.5227272727272727,RBM28,Linear
44,14,2,2,0.14285714285714285,1.0,0,0.5119108372733914,0.00038248007612172,0.36363636363636365,RBM39,Linear
44,19,6,5,0.2631578947368421,0.8333333333333334,1,0.3260747835415765,0.030765544788511238,0.5,RBM42,Linear
44,20,2,2,0.1,1.0,0,0.43977506969720515,0.002817302214483682,0.75,RBX1,Linear
44,16,2,1,0.0625,0.5,1,0.22199426955310736,0.14753507827282727,0.20454545454545456,RCC1,Linear
44,33,1,1,0.030303030303030304,1.0,0,0.6990757334535058,1.3045970834111853e-07,0.8863636363636364,RFC3,Linear
44,33,1,1,0.030303030303030304,1.0,0,0.6843002375614147,3.030133089069396e-07,0.8409090909090909,RFC4,Linear
44,6,3,1,0.16666666666666666,0.3333333333333333,2,0.15562262853819542,0.3131048515866297,0.5454545454545454,RIOK1,Linear
44,12,2,1,0.08333333333333333,0.5,1,0.32885618806044037,0.02928635914984328,0.3181818181818182,RNF40,Linear
44,12,3,3,0.25,1.0,0,0.45496666465874297,0.00191650023877195,0.7954545454545454,RNGTT,Linear
44,15,1,1,0.06666666666666667,1.0,0,0.41468020614741374,0.005130577909231388,0.8636363636363636,RNMT,Linear
44,20,4,4,0.2,1.0,0,0.412425224433633,0.005402831136176526,0.5227272727272727,RPF1,Linear
44,20,0,0,0.0,,0,0.4961567887762322,0.0006144515364515129,0.6818181818181818,RPL10,Linear
44,24,0,0,0.0,,0,0.535710269194922,0.00017864931172494852,0.7272727272727273,RPL10A,Linear
44,24,0,0,0.0,,0,0.4809317786782853,0.0009512216539609237,0.6590909090909091,RPL11,Linear
44,18,4,4,0.2222222222222222,1.0,0,0.5587250147253517,8.090466586324083e-05,0.7272727272727273,RPL13,Linear
44,22,0,0,0.0,,0,0.550907769288453,0.00010657398432390247,0.6818181818181818,RPL18,Linear
44,18,0,0,0.0,,0,0.40113470371882215,0.006963301433265557,0.6136363636363636,RPL35A,Linear
44,20,0,0,0.0,,0,0.57719839637328,4.101275917701098e-05,0.7272727272727273,RPL8,Linear
44,20,0,0,0.0,,0,0.48679557736896,0.0008057855112280616,0.6590909090909091,RPL9,Linear
44,10,2,2,0.2,1.0,0,0.3026052160138806,0.04587377525467146,0.6363636363636364,RPP14,Linear
44,10,1,0,0.0,0.0,1,0.5231587465571087,0.0002687811479069165,0.7272727272727273,RPS14,Linear
44,10,4,2,0.2,0.5,2,0.5338920601301467,0.0001897279433813901,0.7272727272727273,RPS19,Linear
44,8,0,0,0.0,,0,0.4384495202178862,0.002911231411409619,0.7045454545454546,RPS21,Linear
44,14,1,0,0.0,0.0,1,0.571082398605717,5.158968062193329e-05,0.75,RPS23,Linear
44,12,13,3,0.25,0.23076923076923078,10,0.45221407921827944,0.0020577505300717943,0.6818181818181818,RPS26,Linear
44,14,0,0,0.0,,0,0.5122071362656553,0.00037900125367203673,0.6818181818181818,RPS5,Linear
44,15,0,0,0.0,,0,0.5900721461392388,2.491935167611712e-05,0.75,RPS6,Linear
44,7,5,5,0.7142857142857143,1.0,0,0.3856435231363447,0.009729856438650326,0.5909090909090909,RRN3,Linear
44,7,3,2,0.2857142857142857,0.6666666666666666,1,0.3366064697358085,0.025472659063152586,0.6136363636363636,RRP7A,Linear
44,5,1,0,0.0,0.0,1,0.2492629955564709,0.10274378880265118,0.5227272727272727,SAP18,Linear
44,21,0,0,0.0,,0,-0.14017254601170892,0.3641298347070048,0.11363636363636363,SART3,Linear
44,33,1,1,0.030303030303030304,1.0,0,0.5773560718794386,4.076840597592792e-05,0.7272727272727273,SCAF1,Linear
44,29,2,2,0.06896551724137931,1.0,0,0.5214657712478985,0.00028366190823268735,0.5909090909090909,SCFD1,Linear
44,9,1,1,0.1111111111111111,1.0,0,0.4526001983072138,0.002037397673084548,0.4772727272727273,SDC1,Linear
44,17,1,1,0.058823529411764705,1.0,0,0.4727924056203447,0.0011918380822514376,0.38636363636363635,SEC13,Linear
44,27,1,1,0.037037037037037035,1.0,0,0.5881001025562017,2.693281609309863e-05,0.6818181818181818,SF3A2,Linear
44,27,1,1,0.037037037037037035,1.0,0,0.41022265091233684,0.005680802742438931,0.22727272727272727,SF3B2,Linear
44,29,1,1,0.034482758620689655,1.0,0,0.39165009845527887,0.008561800515609575,0.25,SF3B3,Linear
44,16,1,1,0.0625,1.0,0,0.3173053703703967,0.0358391489743037,0.1590909090909091,SFPQ,Linear
44,8,1,1,0.125,1.0,0,0.48153811567452276,0.0009351673757666783,0.4772727272727273,SFSWAP,Linear
44,13,1,1,0.07692307692307693,1.0,0,0.380884511327474,0.010750068599664365,0.29545454545454547,SIN3A,Linear
44,31,1,1,0.03225806451612903,1.0,0,0.399381625220794,0.007237614782309745,0.13636363636363635,SLU7,Linear
44,18,1,1,0.05555555555555555,1.0,0,0.6195557909117348,7.318414196557607e-06,0.5909090909090909,SMC4,Linear
44,8,1,1,0.125,1.0,0,0.5167051364481028,0.0003295752915169972,0.5454545454545454,SMG5,Linear
44,18,1,1,0.05555555555555555,1.0,0,0.6562686860501338,1.3206029738036212e-06,0.7045454545454546,SNAPC3,Linear
44,33,9,7,0.21212121212121213,0.7777777777777778,2,0.5341268003449642,0.00018826350433423825,0.4772727272727273,SNRNP200,Linear
44,1,1,0,0.0,0.0,1,0.07222731640650676,0.6412737561383552,0.6136363636363636,SNRNP27,Linear
44,15,3,2,0.13333333333333333,0.6666666666666666,1,0.4842061398260511,0.0008673605368590246,0.4090909090909091,SNRNP48,Linear
44,24,7,5,0.20833333333333334,0.7142857142857143,2,0.5488423197078732,0.0001144927678140099,0.4318181818181818,SNRPD1,Linear
44,26,5,4,0.15384615384615385,0.8,1,0.4747604012697879,0.0011291653706824122,0.4090909090909091,SNRPE,Linear
44,29,4,4,0.13793103448275862,1.0,0,0.6197931526529081,7.242895172016669e-06,0.6363636363636364,SNRPG,Linear
44,36,3,3,0.08333333333333333,1.0,0,0.6469076209714788,2.088269628431671e-06,0.6818181818181818,SON,Linear
44,26,1,1,0.038461538461538464,1.0,0,0.4700637686778051,0.0012838526098689306,0.45454545454545453,SPC25,Linear
44,18,2,2,0.1111111111111111,1.0,0,0.427688672545972,0.003781338628505372,0.7272727272727273,SPCS3,Linear
44,24,3,3,0.125,1.0,0,0.6678947668856386,7.308511493234697e-07,0.6818181818181818,SRBD1,Linear
44,8,1,0,0.0,0.0,1,0.08489098923583176,0.5837722927159903,0.6136363636363636,SRFBP1,Linear
44,16,3,3,0.1875,1.0,0,0.5107146440868997,0.00039681864650872563,0.45454545454545453,SRP68,Linear
44,13,1,1,0.07692307692307693,1.0,0,0.5194553527493713,0.0003022960228640544,0.5454545454545454,SRRM1,Linear
44,16,1,1,0.0625,1.0,0,0.4878183946649648,0.0007825608686787285,0.45454545454545453,SSRP1,Linear
44,16,1,0,0.0,0.0,1,0.18303032445346568,0.2343562132844637,0.7727272727272727,SUGT1,Linear
44,22,7,4,0.18181818181818182,0.5714285714285714,3,0.2348591345488114,0.1248859347099873,0.38636363636363635,SURF6,Linear
44,14,1,1,0.07142857142857142,1.0,0,0.4847058572983632,0.0008551603001776477,0.5454545454545454,TAF10,Linear
44,9,1,1,0.1111111111111111,1.0,0,0.4287698954311053,0.0036846668425590187,0.4772727272727273,TAF6,Linear
44,6,2,1,0.16666666666666666,0.5,1,0.07155587700028743,0.6443853137686244,0.5681818181818182,TBL3,Linear
44,24,1,1,0.041666666666666664,1.0,0,0.37798587184090054,0.01141531305786997,0.4090909090909091,TCP1,Linear
44,27,2,2,0.07407407407407407,1.0,0,0.22071044934300374,0.14995123013598016,0.3409090909090909,TEX10,Linear
44,23,3,3,0.13043478260869565,1.0,0,0.5565103661937676,8.753507483338097e-05,0.4318181818181818,THOC7,Linear
44,10,1,1,0.1,1.0,0,0.19675162466958962,0.20051487796822456,0.6136363636363636,TRMT10C,Linear
44,11,1,1,0.09090909090909091,1.0,0,0.4387069094413199,0.0028927801737279163,0.5454545454545454,TRMT5,Linear
44,6,2,1,0.16666666666666666,0.5,1,0.4320857722428968,0.0034015621342005516,0.6363636363636364,TSEN2,Linear
44,9,4,2,0.2222222222222222,0.5,2,0.06676739843008352,0.6667476205569111,0.4090909090909091,TSR1,Linear
44,11,1,0,0.0,0.0,1,0.08566583026268043,0.5803304262133774,0.6136363636363636,TSR2,Linear
44,16,2,0,0.0,0.0,2,-0.49552884185751683,0.0006258788861498294,0.13636363636363635,TTC27,Linear
44,31,1,1,0.03225806451612903,1.0,0,0.6062396562521464,1.2922296333685391e-05,0.8181818181818182,TXN,Linear
44,24,1,1,0.041666666666666664,1.0,0,0.4704310931754762,0.0012711087496297372,0.4772727272727273,U2AF1,Linear
44,9,1,1,0.1111111111111111,1.0,0,0.394011148774313,0.008136910292070426,0.29545454545454547,UQCRB,Linear
44,4,8,1,0.25,0.125,7,-0.12768478246433076,0.4088205533152262,0.4318181818181818,USP36,Linear
44,10,2,1,0.1,0.5,1,0.5234212907487695,0.0002665376791375373,0.75,UTP3,Linear
44,11,2,2,0.18181818181818182,1.0,0,0.2907028250151316,0.05557387445011413,0.2727272727272727,VPS29,Linear
44,32,1,1,0.03125,1.0,0,0.6450635100219367,2.281385286335737e-06,0.7045454545454546,VPS54,Linear
44,3,1,1,0.3333333333333333,1.0,0,-0.17121674069420084,0.266457265569233,0.4772727272727273,VPS72,Linear
44,31,1,1,0.03225806451612903,1.0,0,0.4861313991337744,0.0008211947247354225,0.45454545454545453,WBP11,Linear
44,18,1,1,0.05555555555555555,1.0,0,0.5270172858500977,0.00023746532297312466,0.7727272727272727,WDHD1,Linear
44,22,4,3,0.13636363636363635,0.75,1,0.2111074311929093,0.1689532052607136,0.4318181818181818,WDR12,Linear
44,8,2,0,0.0,0.0,2,0.10180531109919307,0.5108137962150423,0.4772727272727273,WDR3,Linear
44,8,4,2,0.25,0.5,2,0.3727860647940338,0.012697091028119235,0.6590909090909091,WDR43,Linear
44,10,2,1,0.1,0.5,1,-0.0552563379261203,0.7216535825974765,0.5,WDR5,Linear
44,20,1,1,0.05,1.0,0,0.30719384387974896,0.04252254340785326,0.2727272727272727,WDR70,Linear
44,30,1,1,0.03333333333333333,1.0,0,0.4606892935628259,0.0016499891574392898,0.5909090909090909,WDR82,Linear
44,26,2,2,0.07692307692307693,1.0,0,0.5667085567046357,6.062048517227615e-05,0.7045454545454546,WDTC1,Linear
44,21,2,1,0.047619047619047616,0.5,1,0.46332092545564274,0.0015388658446296491,0.5909090909090909,XPO1,Linear
44,20,1,1,0.05,1.0,0,0.2471837619889391,0.1057395741742106,0.2727272727272727,XRCC6,Linear
44,16,1,0,0.0,0.0,1,0.3812372294643959,0.010671432232904317,0.8863636363636364,YEATS2,Linear
44,5,1,1,0.2,1.0,0,0.24721475815376098,0.10569442961015962,0.5454545454545454,ZBTB17,Linear
44,17,1,0,0.0,0.0,1,0.21606680013065588,0.15893354365225623,0.29545454545454547,ZCRB1,Linear
44,1,1,0,0.0,0.0,1,-0.12990975984800934,0.40063576002035906,0.4090909090909091,ZNF335,Linear
44,4,1,1,0.25,1.0,0,-0.07727636585228023,0.6180729304246825,0.5681818181818182,ZNHIT6,Linear
